"team","group_team","opp_team","group_opp_team","match_num_semi","simulation"
"Belgium","2","Algeria","5","1","1"
"France","3","England","7","2","1"
"Senegal","3","Argentina","7","1","2"
"Portugal","3","Germany","6","2","2"
"Germany","1","Mexico","5","1","3"
"Brazil","3","Italy","6","2","3"
"Iran","2","Portugal","8","1","4"
"France","4","Colombia","5","2","4"
"Brazil","2","Mexico","7","1","5"
"Switzerland","4","Belgium","7","2","5"
"Netherlands","3","Portugal","5","1","6"
"France","4","Mexico","6","2","6"
"Wales","4","Argentina","5","1","7"
"Spain","2","Brazil","7","2","7"
"Poland","2","Portugal","6","1","8"
"Brazil","3","Argentina","8","2","8"
"Germany","3","Argentina","8","1","9"
"Brazil","1","Chile","5","2","9"
"Algeria","4","Belgium","5","1","10"
"Spain","4","Portugal","8","2","10"
"Belgium","1","Italy","6","1","11"
"Portugal","3","Germany","5","2","11"
"Spain","4","Uruguay","5","1","12"
"Belgium","2","Italy","8","2","12"
"Italy","4","Argentina","8","1","13"
"Switzerland","1","Spain","8","2","13"
"Belgium","4","Brazil","7","1","14"
"Poland","4","Netherlands","6","2","14"
"England","1","Portugal","7","1","15"
"Mexico","1","Denmark","6","2","15"
"Spain","2","Argentina","7","1","16"
"Colombia","1","Brazil","6","2","16"
"Brazil","2","Argentina","7","1","17"
"Chile","3","Mexico","6","2","17"
"Spain","3","Brazil","7","1","18"
"Colombia","2","Mexico","6","2","18"
"Netherlands","4","Argentina","6","1","19"
"England","3","Mexico","8","2","19"
"Brazil","1","Belgium","7","1","20"
"England","1","Portugal","5","2","20"
"Netherlands","3","Belgium","6","1","21"
"France","2","Mexico","6","2","21"
"Germany","4","England","7","1","22"
"Brazil","1","Netherlands","7","2","22"
"Italy","1","Brazil","6","1","23"
"Spain","4","Belgium","5","2","23"
"Brazil","1","Portugal","5","1","24"
"Denmark","4","Belgium","6","2","24"
"Mexico","1","Portugal","7","1","25"
"Uruguay","4","Argentina","7","2","25"
"Colombia","2","Denmark","6","1","26"
"Qatar","1","Switzerland","5","2","26"
"Germany","2","Spain","7","1","27"
"Belgium","3","Portugal","7","2","27"
"Japan","1","Argentina","7","1","28"
"Belgium","2","France","5","2","28"
"Belgium","1","Netherlands","8","1","29"
"Denmark","1","Germany","5","2","29"
"Qatar","1","France","7","1","30"
"Spain","2","Germany","5","2","30"
"Italy","1","Mexico","8","1","31"
"Uruguay","3","Brazil","6","2","31"
"Colombia","1","Italy","6","1","32"
"France","1","Argentina","7","2","32"
"Belgium","3","Portugal","7","1","33"
"France","3","Spain","7","2","33"
"Denmark","1","Portugal","8","1","34"
"Brazil","4","Mexico","6","2","34"
"Netherlands","2","Portugal","8","1","35"
"Belgium","3","France","7","2","35"
"Italy","1","Brazil","7","1","36"
"Portugal","2","France","7","2","36"
"Spain","2","England","7","1","37"
"Belgium","1","France","5","2","37"
"Chile","4","Brazil","8","1","38"
"Spain","1","Portugal","8","2","38"
"Colombia","1","Netherlands","7","1","39"
"Brazil","4","Mexico","7","2","39"
"Spain","4","England","8","1","40"
"Portugal","1","Belgium","6","2","40"
"Colombia","4","Brazil","5","1","41"
"Morocco","1","France","6","2","41"
"Brazil","3","France","6","1","42"
"Italy","1","Belgium","8","2","42"
"Italy","2","Brazil","5","1","43"
"England","2","Portugal","6","2","43"
"Netherlands","4","Croatia","8","1","44"
"Brazil","1","Argentina","7","2","44"
"Argentina","2","Uruguay","6","1","45"
"Korea Republic","3","England","7","2","45"
"France","2","Colombia","7","1","46"
"England","1","Portugal","6","2","46"
"Italy","3","Argentina","7","1","47"
"Brazil","4","Netherlands","8","2","47"
"Mexico","3","Japan","5","1","48"
"Croatia","1","Italy","6","2","48"
"Senegal","1","France","8","1","49"
"Colombia","4","Germany","6","2","49"
"Chile","3","Portugal","8","1","50"
"Brazil","3","Italy","6","2","50"
"Denmark","3","France","7","1","51"
"Croatia","1","Italy","7","2","51"
"Colombia","4","Spain","8","1","52"
"Brazil","1","Belgium","5","2","52"
"Belgium","2","Germany","6","1","53"
"Brazil","3","Portugal","8","2","53"
"Denmark","1","Germany","6","1","54"
"France","1","Netherlands","8","2","54"
"Belgium","2","Germany","6","1","55"
"Brazil","3","Colombia","7","2","55"
"Mexico","1","Belgium","8","1","56"
"Brazil","3","Colombia","7","2","56"
"Spain","4","Belgium","8","1","57"
"Mexico","4","France","7","2","57"
"Brazil","4","Belgium","8","1","58"
"France","1","Algeria","8","2","58"
"Brazil","2","Denmark","7","1","59"
"Spain","3","Portugal","7","2","59"
"Colombia","4","Brazil","6","1","60"
"Mexico","4","Spain","5","2","60"
"Belgium","2","Portugal","6","1","61"
"Netherlands","1","Uruguay","8","2","61"
"Germany","1","Spain","7","1","62"
"Brazil","1","England","7","2","62"
"Chile","3","Brazil","5","1","63"
"France","3","Japan","5","2","63"
"Uruguay","3","Spain","8","1","64"
"Brazil","4","Belgium","5","2","64"
"Chile","1","Algeria","8","1","65"
"Brazil","4","Denmark","5","2","65"
"Mexico","2","Japan","6","1","66"
"Wales","1","Colombia","5","2","66"
"Belgium","4","Italy","5","1","67"
"Portugal","3","Denmark","6","2","67"
"Mexico","4","Nigeria","6","1","68"
"Colombia","2","Netherlands","5","2","68"
"Colombia","4","Argentina","5","1","69"
"Qatar","2","France","5","2","69"
"Denmark","2","Colombia","7","1","70"
"Italy","1","England","7","2","70"
"Denmark","3","Australia","6","1","71"
"Brazil","2","Spain","6","2","71"
"France","1","Brazil","6","1","72"
"Argentina","2","Spain","8","2","72"
"Poland","2","Spain","7","1","73"
"Belgium","1","Argentina","6","2","73"
"Spain","3","Uruguay","8","1","74"
"Mexico","3","Argentina","7","2","74"
"Germany","2","Mexico","6","1","75"
"France","1","England","7","2","75"
"Denmark","4","Tunisia","6","1","76"
"Belgium","4","Argentina","7","2","76"
"Brazil","2","Croatia","5","1","77"
"Portugal","4","Morocco","8","2","77"
"Argentina","4","Portugal","5","1","78"
"Italy","3","Spain","6","2","78"
"Brazil","4","Denmark","6","1","79"
"Poland","4","Germany","5","2","79"
"Denmark","3","Korea Republic","6","1","80"
"France","1","Mexico","6","2","80"
"Germany","3","Belgium","8","1","81"
"Brazil","1","Switzerland","5","2","81"
"Uruguay","3","Germany","7","1","82"
"Brazil","3","Belgium","5","2","82"
"Croatia","3","Japan","8","1","83"
"Chile","1","Brazil","5","2","83"
"Germany","3","Denmark","6","1","84"
"Colombia","2","France","8","2","84"
"Germany","2","Brazil","8","1","85"
"Portugal","1","England","6","2","85"
"Switzerland","4","Portugal","8","1","86"
"Uruguay","2","Brazil","8","2","86"
"Belgium","2","Argentina","6","1","87"
"Tunisia","1","Netherlands","7","2","87"
"Netherlands","1","Spain","5","1","88"
"Mexico","2","France","8","2","88"
"Spain","3","Mexico","5","1","89"
"Uruguay","1","France","7","2","89"
"Italy","2","Spain","8","1","90"
"Poland","2","Netherlands","6","2","90"
"Qatar","4","Portugal","6","1","91"
"France","1","Brazil","7","2","91"
"Belgium","1","Portugal","6","1","92"
"Argentina","1","Brazil","5","2","92"
"United States","3","Netherlands","7","1","93"
"Argentina","3","Brazil","5","2","93"
"Croatia","4","Senegal","5","1","94"
"France","3","Italy","5","2","94"
"Netherlands","3","Colombia","5","1","95"
"France","4","Italy","7","2","95"
"Spain","2","Mexico","5","1","96"
"Brazil","1","Argentina","8","2","96"
"Iran","2","Portugal","6","1","97"
"Argentina","3","Belgium","6","2","97"
"Italy","4","Portugal","7","1","98"
"Brazil","1","Denmark","7","2","98"
"Wales","3","France","7","1","99"
"Croatia","4","Netherlands","6","2","99"
"Netherlands","4","Poland","8","1","100"
"Brazil","1","France","6","2","100"
"Croatia","2","Netherlands","6","1","101"
"Brazil","3","Uruguay","8","2","101"
"Brazil","2","France","8","1","102"
"Argentina","2","Portugal","6","2","102"
"Portugal","1","Belgium","8","1","103"
"Denmark","2","Spain","6","2","103"
"Switzerland","4","Denmark","5","1","104"
"England","1","Belgium","6","2","104"
"Denmark","2","Spain","8","1","105"
"Croatia","2","Netherlands","5","2","105"
"Netherlands","4","England","8","1","106"
"Brazil","4","Portugal","8","2","106"
"Argentina","1","Australia","5","1","107"
"Qatar","4","Denmark","5","2","107"
"Netherlands","4","Croatia","8","1","108"
"Belgium","4","France","5","2","108"
"France","1","Portugal","8","1","109"
"Belgium","3","England","6","2","109"
"Brazil","2","Australia","5","1","110"
"Switzerland","1","France","8","2","110"
"Netherlands","4","Croatia","5","1","111"
"England","3","Argentina","5","2","111"
"Poland","3","Portugal","5","1","112"
"Mexico","4","Uruguay","8","2","112"
"Qatar","1","Germany","8","1","113"
"Netherlands","1","Brazil","6","2","113"
"Uruguay","3","France","7","1","114"
"Portugal","1","Spain","6","2","114"
"England","4","Spain","7","1","115"
"Brazil","3","Croatia","5","2","115"
"Uruguay","1","Denmark","6","1","116"
"Portugal","2","Germany","5","2","116"
"Italy","4","Denmark","8","1","117"
"England","4","Brazil","6","2","117"
"Qatar","1","Belgium","5","1","118"
"Brazil","2","Chile","6","2","118"
"Denmark","3","England","6","1","119"
"Italy","3","Argentina","6","2","119"
"Germany","2","France","5","1","120"
"Brazil","3","Korea Republic","6","2","120"
"Poland","1","Belgium","6","1","121"
"Spain","3","Mexico","8","2","121"
"Denmark","3","Germany","7","1","122"
"Brazil","2","Mexico","6","2","122"
"Croatia","2","Poland","7","1","123"
"Portugal","1","Brazil","7","2","123"
"Colombia","4","England","6","1","124"
"Mexico","1","Italy","7","2","124"
"Mexico","2","Brazil","6","1","125"
"France","4","Belgium","5","2","125"
"France","1","Spain","6","1","126"
"Brazil","3","Italy","8","2","126"
"Italy","4","Belgium","8","1","127"
"Argentina","4","Brazil","6","2","127"
"Italy","3","Germany","8","1","128"
"Denmark","3","Argentina","8","2","128"
"Germany","1","France","5","1","129"
"Italy","3","Brazil","8","2","129"
"Netherlands","1","Spain","5","1","130"
"Belgium","3","Italy","6","2","130"
"Italy","3","Switzerland","8","1","131"
"Spain","2","Denmark","8","2","131"
"Algeria","4","Croatia","8","1","132"
"Colombia","1","Portugal","8","2","132"
"Brazil","1","Belgium","5","1","133"
"France","1","Spain","8","2","133"
"Croatia","2","France","6","1","134"
"Brazil","3","Argentina","7","2","134"
"Netherlands","3","Brazil","7","1","135"
"Belgium","2","Spain","5","2","135"
"Germany","1","Brazil","8","1","136"
"Spain","2","Belgium","8","2","136"
"United States","4","Poland","7","1","137"
"France","1","Belgium","8","2","137"
"Brazil","2","Japan","6","1","138"
"England","1","Chile","5","2","138"
"Brazil","2","England","5","1","139"
"Belgium","1","Mexico","6","2","139"
"Qatar","1","Belgium","7","1","140"
"Denmark","4","Spain","8","2","140"
"Brazil","2","Colombia","8","1","141"
"France","1","Croatia","7","2","141"
"Spain","2","Germany","6","1","142"
"Italy","1","France","5","2","142"
"Poland","2","Belgium","8","1","143"
"Argentina","1","Spain","7","2","143"
"Japan","1","Netherlands","6","1","144"
"Italy","4","France","6","2","144"
"Argentina","2","Mexico","7","1","145"
"Netherlands","1","Spain","7","2","145"
"Denmark","1","France","8","1","146"
"Brazil","1","Iran","6","2","146"
"Italy","3","Brazil","6","1","147"
"Algeria","4","Croatia","6","2","147"
"Italy","2","Germany","6","1","148"
"Denmark","3","Brazil","7","2","148"
"Uruguay","1","Belgium","6","1","149"
"Brazil","1","Iran","8","2","149"
"Netherlands","1","Portugal","5","1","150"
"Belgium","3","Colombia","8","2","150"
"Netherlands","1","France","8","1","151"
"Portugal","1","Mexico","7","2","151"
"Netherlands","2","Chile","8","1","152"
"Mexico","1","Portugal","6","2","152"
"Uruguay","1","France","8","1","153"
"Portugal","2","Brazil","5","2","153"
"Croatia","1","Netherlands","8","1","154"
"Belgium","2","Italy","8","2","154"
"Switzerland","2","France","5","1","155"
"Brazil","3","Germany","7","2","155"
"Denmark","4","Algeria","7","1","156"
"Belgium","4","Argentina","5","2","156"
"Italy","1","Spain","5","1","157"
"Portugal","2","Denmark","8","2","157"
"Italy","2","Denmark","6","1","158"
"France","2","Belgium","7","2","158"
"Netherlands","1","France","7","1","159"
"Portugal","4","Colombia","6","2","159"
"Netherlands","3","Portugal","7","1","160"
"Brazil","1","Argentina","8","2","160"
"Switzerland","1","France","8","1","161"
"Netherlands","2","Brazil","8","2","161"
"Korea Republic","3","Belgium","8","1","162"
"Portugal","4","Iran","7","2","162"
"Colombia","4","Spain","8","1","163"
"Argentina","4","Belgium","7","2","163"
"Portugal","1","Belgium","6","1","164"
"France","1","Uruguay","7","2","164"
"Korea Republic","3","Portugal","7","1","165"
"Brazil","1","Germany","8","2","165"
"Denmark","3","Portugal","5","1","166"
"France","3","Brazil","6","2","166"
"Uruguay","4","Belgium","8","1","167"
"Spain","1","Denmark","7","2","167"
"Brazil","2","Portugal","6","1","168"
"Korea Republic","1","Australia","5","2","168"
"France","4","Iran","5","1","169"
"Belgium","1","Denmark","6","2","169"
"Spain","4","Uruguay","6","1","170"
"Germany","2","Colombia","8","2","170"
"Colombia","1","Argentina","6","1","171"
"France","2","Portugal","8","2","171"
"France","1","Croatia","6","1","172"
"Colombia","3","Brazil","5","2","172"
"Mexico","4","Brazil","8","1","173"
"Senegal","3","France","7","2","173"
"Germany","4","Italy","6","1","174"
"Netherlands","4","England","7","2","174"
"Uruguay","2","Wales","6","1","175"
"Croatia","2","France","7","2","175"
"Brazil","1","Portugal","5","1","176"
"Belgium","2","Spain","8","2","176"
"Croatia","1","Belgium","5","1","177"
"Netherlands","3","France","7","2","177"
"Uruguay","1","Spain","8","1","178"
"Italy","1","Morocco","8","2","178"
"Brazil","1","Algeria","6","1","179"
"Uruguay","4","Spain","6","2","179"
"Brazil","1","Croatia","6","1","180"
"Germany","3","Belgium","5","2","180"
"Netherlands","1","Germany","6","1","181"
"Mexico","1","France","5","2","181"
"Germany","2","England","8","1","182"
"France","2","Spain","6","2","182"
"Uruguay","4","Belgium","7","1","183"
"Mexico","4","Germany","8","2","183"
"Belgium","2","Netherlands","6","1","184"
"Korea Republic","3","Iran","8","2","184"
"Netherlands","4","Belgium","6","1","185"
"Brazil","4","Portugal","8","2","185"
"Denmark","4","Spain","5","1","186"
"Nigeria","1","Croatia","8","2","186"
"England","1","Netherlands","8","1","187"
"Chile","1","France","6","2","187"
"Uruguay","1","Belgium","5","1","188"
"France","3","Croatia","5","2","188"
"England","3","Argentina","8","1","189"
"France","4","Netherlands","8","2","189"
"Netherlands","4","Uruguay","5","1","190"
"Argentina","3","Mexico","5","2","190"
"Mexico","1","Spain","6","1","191"
"France","1","Croatia","7","2","191"
"Colombia","3","Brazil","7","1","192"
"Portugal","3","Croatia","5","2","192"
"Colombia","3","Belgium","8","1","193"
"Italy","2","Brazil","5","2","193"
"Croatia","3","Uruguay","6","1","194"
"United States","4","Portugal","7","2","194"
"France","1","Brazil","8","1","195"
"Belgium","2","Mexico","6","2","195"
"Argentina","1","Germany","5","1","196"
"Portugal","2","Italy","7","2","196"
"Germany","1","Brazil","8","1","197"
"Argentina","3","Netherlands","7","2","197"
"Senegal","1","Denmark","7","1","198"
"Italy","4","Portugal","7","2","198"
"Brazil","1","Spain","8","1","199"
"Belgium","3","Mexico","5","2","199"
"Mexico","4","Croatia","5","1","200"
"Spain","2","Denmark","7","2","200"
"Iran","2","Uruguay","5","1","201"
"Germany","4","Belgium","5","2","201"
"Colombia","3","Brazil","5","1","202"
"Belgium","1","Italy","7","2","202"
"Spain","2","Brazil","5","1","203"
"Uruguay","2","Belgium","7","2","203"
"Brazil","2","France","5","1","204"
"Croatia","4","Italy","8","2","204"
"England","4","Uruguay","6","1","205"
"France","4","Brazil","6","2","205"
"Italy","2","Netherlands","5","1","206"
"Uruguay","4","Croatia","5","2","206"
"Italy","1","France","8","1","207"
"Brazil","4","Belgium","7","2","207"
"England","1","Germany","7","1","208"
"Brazil","4","Spain","5","2","208"
"Brazil","1","England","8","1","209"
"Mexico","3","Argentina","8","2","209"
"Belgium","3","Spain","6","1","210"
"Mexico","1","Croatia","7","2","210"
"France","2","England","8","1","211"
"Brazil","2","Colombia","7","2","211"
"Spain","1","Belgium","6","1","212"
"France","1","Netherlands","6","2","212"
"Denmark","1","Senegal","7","1","213"
"Wales","2","Germany","7","2","213"
"Brazil","1","Netherlands","5","1","214"
"Argentina","4","Spain","6","2","214"
"Senegal","3","Belgium","8","1","215"
"Portugal","4","Uruguay","5","2","215"
"Netherlands","3","Germany","5","1","216"
"Argentina","2","Belgium","6","2","216"
"Argentina","4","Brazil","8","1","217"
"Mexico","1","Spain","7","2","217"
"Senegal","4","Argentina","6","1","218"
"Brazil","1","Italy","8","2","218"
"Senegal","2","Belgium","7","1","219"
"Brazil","3","Argentina","5","2","219"
"Poland","1","Japan","8","1","220"
"Italy","2","Mexico","5","2","220"
"France","1","Portugal","8","1","221"
"Croatia","2","England","8","2","221"
"Argentina","1","Netherlands","8","1","222"
"England","1","Spain","6","2","222"
"Algeria","3","Mexico","8","1","223"
"Brazil","1","Iran","7","2","223"
"Spain","3","Switzerland","8","1","224"
"Germany","2","Uruguay","5","2","224"
"Iran","2","Belgium","8","1","225"
"Brazil","4","Germany","5","2","225"
"Brazil","2","Spain","8","1","226"
"Argentina","1","Denmark","7","2","226"
"France","1","Brazil","5","1","227"
"Senegal","2","England","5","2","227"
"Poland","4","Brazil","6","1","228"
"Netherlands","1","Italy","7","2","228"
"Belgium","1","Netherlands","7","1","229"
"France","1","Spain","6","2","229"
"England","2","Croatia","5","1","230"
"Italy","1","Australia","5","2","230"
"Portugal","1","Brazil","7","1","231"
"Uruguay","3","Japan","5","2","231"
"Italy","4","Chile","8","1","232"
"Spain","4","France","7","2","232"
"Argentina","1","Portugal","8","1","233"
"Brazil","4","France","7","2","233"
"Uruguay","2","England","8","1","234"
"Belgium","4","Spain","7","2","234"
"Italy","1","Iran","5","1","235"
"Portugal","2","Japan","7","2","235"
"Colombia","1","Netherlands","5","1","236"
"France","1","England","5","2","236"
"Argentina","3","Netherlands","5","1","237"
"Italy","1","Uruguay","7","2","237"
"Chile","3","Iran","6","1","238"
"Mexico","1","Argentina","5","2","238"
"Netherlands","4","England","7","1","239"
"Portugal","3","Croatia","5","2","239"
"Iran","1","Argentina","8","1","240"
"England","4","Denmark","8","2","240"
"Colombia","3","Korea Republic","6","1","241"
"England","1","Argentina","7","2","241"
"Spain","2","Portugal","6","1","242"
"Netherlands","1","Australia","8","2","242"
"Uruguay","1","Argentina","8","1","243"
"Korea Republic","1","Spain","5","2","243"
"Denmark","2","Portugal","6","1","244"
"Brazil","1","Argentina","6","2","244"
"France","4","Tunisia","6","1","245"
"Switzerland","3","Mexico","8","2","245"
"France","2","Germany","7","1","246"
"Belgium","2","Netherlands","6","2","246"
"France","2","Belgium","6","1","247"
"Uruguay","4","Argentina","8","2","247"
"Italy","1","Spain","7","1","248"
"Germany","2","Denmark","7","2","248"
"France","4","Germany","6","1","249"
"Japan","4","Wales","5","2","249"
"Japan","1","Belgium","6","1","250"
"Iran","1","Portugal","8","2","250"
"Australia","1","Portugal","7","1","251"
"Spain","4","France","7","2","251"
"Senegal","1","Uruguay","7","1","252"
"Italy","2","Belgium","6","2","252"
"Netherlands","1","Belgium","5","1","253"
"Germany","3","Spain","8","2","253"
"Korea Republic","2","Portugal","8","1","254"
"Belgium","1","Colombia","8","2","254"
"Mexico","1","Italy","6","1","255"
"England","2","Morocco","8","2","255"
"France","3","Germany","8","1","256"
"Netherlands","1","Italy","7","2","256"
"Netherlands","4","Croatia","5","1","257"
"Italy","1","France","7","2","257"
"Mexico","4","Uruguay","5","1","258"
"Spain","4","Italy","6","2","258"
"Brazil","2","Italy","8","1","259"
"Spain","2","Japan","8","2","259"
"Germany","2","England","5","1","260"
"Brazil","1","Colombia","5","2","260"
"Qatar","1","Mexico","6","1","261"
"Belgium","1","Argentina","7","2","261"
"Argentina","2","England","6","1","262"
"Australia","1","Italy","5","2","262"
"Brazil","2","England","7","1","263"
"Belgium","4","Argentina","8","2","263"
"England","1","Chile","8","1","264"
"Japan","3","France","8","2","264"
"Croatia","3","Belgium","8","1","265"
"Portugal","4","Brazil","6","2","265"
"Mexico","1","England","6","1","266"
"Algeria","2","Portugal","7","2","266"
"Iran","3","Brazil","8","1","267"
"Netherlands","3","Switzerland","6","2","267"
"England","2","Mexico","6","1","268"
"Italy","2","Brazil","8","2","268"
"Netherlands","1","Belgium","6","1","269"
"Portugal","3","Spain","5","2","269"
"Brazil","2","Spain","8","1","270"
"France","1","Japan","5","2","270"
"Spain","2","Italy","6","1","271"
"Brazil","1","France","8","2","271"
"Netherlands","2","Portugal","6","1","272"
"France","1","Belgium","5","2","272"
"Iran","2","Uruguay","5","1","273"
"Brazil","3","England","8","2","273"
"France","3","Japan","5","1","274"
"Brazil","3","Portugal","8","2","274"
"Wales","4","Korea Republic","6","1","275"
"Senegal","2","Chile","6","2","275"
"Italy","2","England","8","1","276"
"Korea Republic","3","Spain","5","2","276"
"Spain","2","Denmark","8","1","277"
"Japan","3","Belgium","6","2","277"
"Iran","4","Switzerland","8","1","278"
"Spain","4","Belgium","7","2","278"
"Netherlands","1","Portugal","6","1","279"
"Morocco","2","Colombia","7","2","279"
"Italy","1","France","5","1","280"
"Uruguay","4","Brazil","5","2","280"
"Senegal","4","Japan","8","1","281"
"Spain","2","France","5","2","281"
"Argentina","4","Spain","5","1","282"
"Japan","1","England","5","2","282"
"Uruguay","3","England","7","1","283"
"Germany","2","Denmark","8","2","283"
"Uruguay","3","Croatia","8","1","284"
"Wales","1","Brazil","6","2","284"
"Mexico","2","England","8","1","285"
"Belgium","3","Iran","7","2","285"
"France","2","Spain","7","1","286"
"Iran","3","Portugal","7","2","286"
"Portugal","3","France","7","1","287"
"Netherlands","1","Spain","7","2","287"
"Chile","1","Australia","8","1","288"
"Spain","2","Croatia","5","2","288"
"Germany","4","Switzerland","5","1","289"
"Argentina","4","Spain","6","2","289"
"Iran","3","Uruguay","6","1","290"
"Germany","2","Wales","5","2","290"
"Portugal","3","Brazil","7","1","291"
"United States","2","Croatia","8","2","291"
"Belgium","4","Netherlands","6","1","292"
"Croatia","4","Colombia","6","2","292"
"Netherlands","1","Italy","7","1","293"
"Argentina","4","Spain","5","2","293"
"England","2","Germany","6","1","294"
"Portugal","4","France","5","2","294"
"Netherlands","2","Belgium","6","1","295"
"France","2","Argentina","6","2","295"
"Brazil","2","Portugal","6","1","296"
"Spain","4","Belgium","7","2","296"
"Switzerland","1","Germany","6","1","297"
"England","2","Colombia","6","2","297"
"Netherlands","2","England","6","1","298"
"Argentina","1","Belgium","6","2","298"
"Australia","3","Chile","6","1","299"
"Italy","2","Belgium","7","2","299"
"Brazil","1","Argentina","6","1","300"
"Uruguay","1","Portugal","5","2","300"
"Croatia","1","France","8","1","301"
"Senegal","4","Italy","5","2","301"
"United States","1","Costa Rica","7","1","302"
"Iran","1","Brazil","5","2","302"
"England","1","France","7","1","303"
"Uruguay","4","Netherlands","5","2","303"
"Croatia","1","Portugal","5","1","304"
"Germany","4","Spain","7","2","304"
"United States","3","Brazil","6","1","305"
"Belgium","1","Iran","8","2","305"
"Portugal","4","France","5","1","306"
"Germany","4","Croatia","7","2","306"
"France","4","Japan","5","1","307"
"Denmark","1","Belgium","6","2","307"
"Portugal","3","Belgium","8","1","308"
"Colombia","1","Croatia","7","2","308"
"Iran","2","Argentina","6","1","309"
"Spain","1","Brazil","7","2","309"
"Spain","1","Brazil","5","1","310"
"England","3","Tunisia","5","2","310"
"England","4","Spain","6","1","311"
"United States","2","Mexico","6","2","311"
"Brazil","1","Algeria","8","1","312"
"Belgium","3","Spain","5","2","312"
"Belgium","1","Italy","5","1","313"
"Netherlands","3","Portugal","6","2","313"
"Belgium","4","Mexico","7","1","314"
"Australia","1","England","7","2","314"
"Spain","2","Mexico","5","1","315"
"Australia","2","Portugal","8","2","315"
"Mexico","1","Chile","8","1","316"
"England","2","Spain","5","2","316"
"Colombia","4","Brazil","6","1","317"
"Croatia","1","England","5","2","317"
"Italy","2","Belgium","7","1","318"
"Algeria","4","Germany","6","2","318"
"Belgium","1","Spain","6","1","319"
"Portugal","3","France","8","2","319"
"Brazil","1","Denmark","6","1","320"
"Croatia","4","Chile","6","2","320"
"Senegal","1","Croatia","6","1","321"
"Colombia","4","Argentina","5","2","321"
"Argentina","4","Belgium","6","1","322"
"Chile","1","Italy","6","2","322"
"France","1","Germany","7","1","323"
"Italy","4","Brazil","5","2","323"
"Australia","2","Belgium","6","1","324"
"Germany","2","Argentina","6","2","324"
"Portugal","3","Belgium","7","1","325"
"France","3","Germany","6","2","325"
"France","1","England","5","1","326"
"Brazil","4","Switzerland","7","2","326"
"Spain","3","Argentina","7","1","327"
"Portugal","2","Brazil","5","2","327"
"Germany","4","England","5","1","328"
"Belgium","1","Nigeria","5","2","328"
"Netherlands","2","Brazil","5","1","329"
"France","1","Belgium","8","2","329"
"Spain","3","Uruguay","6","1","330"
"Poland","3","Switzerland","6","2","330"
"Denmark","4","Brazil","6","1","331"
"Argentina","4","Uruguay","8","2","331"
"Denmark","2","Mexico","5","1","332"
"Spain","4","France","8","2","332"
"Italy","1","Croatia","8","1","333"
"Costa Rica","4","Germany","7","2","333"
"Brazil","3","Belgium","5","1","334"
"Qatar","2","France","8","2","334"
"Germany","3","Croatia","8","1","335"
"Portugal","4","Belgium","7","2","335"
"Mexico","1","Italy","7","1","336"
"Spain","2","Belgium","7","2","336"
"France","2","Belgium","8","1","337"
"Algeria","3","Mexico","8","2","337"
"Qatar","3","Belgium","6","1","338"
"Algeria","1","Portugal","7","2","338"
"Colombia","1","Spain","7","1","339"
"France","1","Brazil","5","2","339"
"Uruguay","1","Netherlands","7","1","340"
"Brazil","3","Spain","7","2","340"
"France","4","Brazil","6","1","341"
"Argentina","3","Germany","5","2","341"
"England","4","Argentina","7","1","342"
"Croatia","4","Germany","5","2","342"
"Iran","1","France","5","1","343"
"Denmark","3","Netherlands","7","2","343"
"England","2","Brazil","5","1","344"
"Portugal","1","Denmark","5","2","344"
"Chile","1","France","6","1","345"
"Spain","3","Korea Republic","8","2","345"
"Italy","4","Brazil","8","1","346"
"Spain","3","Denmark","5","2","346"
"Colombia","4","Uruguay","8","1","347"
"France","1","Belgium","6","2","347"
"Uruguay","1","Spain","8","1","348"
"Brazil","1","England","7","2","348"
"Korea Republic","1","Italy","6","1","349"
"England","2","Brazil","6","2","349"
"Netherlands","1","France","7","1","350"
"Brazil","4","Switzerland","7","2","350"
"England","4","Brazil","6","1","351"
"Argentina","2","Spain","5","2","351"
"Colombia","1","Belgium","6","1","352"
"Portugal","3","Italy","8","2","352"
"Spain","3","Argentina","5","1","353"
"Belgium","3","Korea Republic","5","2","353"
"Japan","1","France","7","1","354"
"England","3","Uruguay","5","2","354"
"Wales","1","England","6","1","355"
"France","3","Germany","8","2","355"
"Germany","4","Brazil","8","1","356"
"England","4","Croatia","8","2","356"
"Belgium","2","Portugal","5","1","357"
"Mexico","3","Brazil","7","2","357"
"England","2","Mexico","5","1","358"
"Spain","4","Argentina","5","2","358"
"Spain","4","Italy","8","1","359"
"Portugal","2","Belgium","6","2","359"
"France","4","Portugal","7","1","360"
"Netherlands","1","Mexico","5","2","360"
"Netherlands","3","England","6","1","361"
"Portugal","4","Mexico","5","2","361"
"Korea Republic","4","Colombia","7","1","362"
"Brazil","1","Belgium","7","2","362"
"Mexico","1","Croatia","7","1","363"
"France","1","Spain","8","2","363"
"Wales","1","Portugal","5","1","364"
"Brazil","4","Colombia","8","2","364"
"Belgium","2","Portugal","5","1","365"
"United States","4","Brazil","8","2","365"
"Colombia","4","England","6","1","366"
"Brazil","1","Argentina","5","2","366"
"France","2","Colombia","7","1","367"
"Belgium","3","Mexico","8","2","367"
"Belgium","2","Germany","7","1","368"
"Argentina","3","France","5","2","368"
"Italy","3","Germany","5","1","369"
"England","1","Belgium","5","2","369"
"Italy","4","Spain","6","1","370"
"Argentina","2","Poland","8","2","370"
"France","2","United States","8","1","371"
"Qatar","1","Germany","6","2","371"
"Colombia","1","Iran","7","1","372"
"Portugal","4","England","7","2","372"
"Brazil","1","Argentina","8","1","373"
"Spain","2","Netherlands","6","2","373"
"Colombia","2","Portugal","5","1","374"
"Brazil","1","Netherlands","8","2","374"
"Spain","2","Belgium","5","1","375"
"France","4","England","7","2","375"
"Netherlands","4","France","7","1","376"
"Belgium","1","Portugal","6","2","376"
"France","4","Argentina","6","1","377"
"Poland","3","Uruguay","6","2","377"
"Mexico","1","Germany","8","1","378"
"Brazil","1","Portugal","7","2","378"
"Wales","4","Portugal","8","1","379"
"Netherlands","1","France","8","2","379"
"Germany","2","France","7","1","380"
"Brazil","3","Spain","8","2","380"
"Brazil","3","Uruguay","8","1","381"
"France","1","Mexico","7","2","381"
"Mexico","4","Belgium","8","1","382"
"Uruguay","2","Argentina","7","2","382"
"Brazil","2","Belgium","7","1","383"
"France","3","Argentina","7","2","383"
"Portugal","3","France","8","1","384"
"Mexico","1","Uruguay","7","2","384"
"Switzerland","4","Brazil","7","1","385"
"Mexico","3","Belgium","7","2","385"
"Mexico","1","Netherlands","5","1","386"
"England","3","France","6","2","386"
"Italy","1","Belgium","8","1","387"
"Portugal","3","Spain","8","2","387"
"Australia","4","France","8","1","388"
"Denmark","1","Italy","8","2","388"
"Germany","1","Switzerland","7","1","389"
"Nigeria","1","Argentina","5","2","389"
"Japan","3","Chile","7","1","390"
"Germany","1","Argentina","7","2","390"
"Italy","1","Mexico","7","1","391"
"Wales","3","Portugal","8","2","391"
"Korea Republic","1","Italy","8","1","392"
"Mexico","1","Argentina","8","2","392"
"Argentina","1","Portugal","6","1","393"
"Uruguay","4","Australia","8","2","393"
"Algeria","1","Brazil","8","1","394"
"Belgium","2","Mexico","8","2","394"
"Qatar","4","Korea Republic","5","1","395"
"Belgium","2","Wales","5","2","395"
"Germany","3","Italy","6","1","396"
"Spain","4","Argentina","8","2","396"
"Denmark","3","Brazil","5","1","397"
"Belgium","4","Costa Rica","5","2","397"
"Japan","1","Portugal","8","1","398"
"Italy","4","Germany","6","2","398"
"Germany","4","Iran","7","1","399"
"Belgium","1","Italy","6","2","399"
"Germany","1","Portugal","8","1","400"
"France","2","Argentina","5","2","400"
"Portugal","1","Germany","7","1","401"
"Netherlands","4","Argentina","7","2","401"
"Poland","2","England","7","1","402"
"France","3","Nigeria","7","2","402"
"Netherlands","1","Brazil","8","1","403"
"Argentina","1","Mexico","5","2","403"
"Colombia","1","Belgium","7","1","404"
"Portugal","1","Uruguay","7","2","404"
"Denmark","1","England","5","1","405"
"Brazil","1","Germany","6","2","405"
"Brazil","1","Netherlands","8","1","406"
"Spain","2","France","6","2","406"
"Italy","1","Mexico","6","1","407"
"Argentina","3","Brazil","6","2","407"
"Italy","3","Uruguay","5","1","408"
"England","3","Belgium","7","2","408"
"France","2","Spain","8","1","409"
"Qatar","1","Portugal","8","2","409"
"Germany","1","Japan","5","1","410"
"Argentina","1","Brazil","5","2","410"
"France","1","Germany","5","1","411"
"Argentina","4","Brazil","6","2","411"
"Mexico","4","Argentina","8","1","412"
"Portugal","1","France","7","2","412"
"England","4","Belgium","5","1","413"
"Spain","3","Colombia","5","2","413"
"Germany","2","England","7","1","414"
"Brazil","3","Portugal","5","2","414"
"Argentina","1","Costa Rica","7","1","415"
"Brazil","1","Portugal","7","2","415"
"Netherlands","2","France","7","1","416"
"Portugal","1","Argentina","8","2","416"
"Denmark","2","Portugal","8","1","417"
"Belgium","1","Uruguay","8","2","417"
"Croatia","4","England","6","1","418"
"Italy","2","Belgium","6","2","418"
"Colombia","4","Mexico","8","1","419"
"Brazil","4","Spain","5","2","419"
"Italy","1","Netherlands","7","1","420"
"Colombia","4","Jamaica","6","2","420"
"Portugal","1","Mexico","6","1","421"
"Germany","1","Japan","7","2","421"
"Portugal","1","France","8","1","422"
"Belgium","1","Spain","6","2","422"
"Belgium","2","Brazil","6","1","423"
"Japan","1","Spain","6","2","423"
"Portugal","3","Uruguay","7","1","424"
"Brazil","4","Argentina","7","2","424"
"Belgium","2","Portugal","7","1","425"
"Denmark","4","Australia","8","2","425"
"Poland","1","Argentina","6","1","426"
"Korea Republic","4","Netherlands","5","2","426"
"Germany","1","Portugal","7","1","427"
"Brazil","2","Belgium","6","2","427"
"Denmark","3","Nigeria","8","1","428"
"Algeria","4","Croatia","6","2","428"
"Portugal","2","Spain","5","1","429"
"Colombia","4","Denmark","5","2","429"
"Argentina","3","Belgium","6","1","430"
"Poland","1","Germany","6","2","430"
"Spain","2","Germany","8","1","431"
"Mexico","3","France","8","2","431"
"Brazil","4","Spain","7","1","432"
"Italy","1","Switzerland","5","2","432"
"Italy","3","Belgium","7","1","433"
"Brazil","3","Croatia","7","2","433"
"Brazil","2","Poland","6","1","434"
"England","2","Denmark","6","2","434"
"Senegal","4","Spain","6","1","435"
"France","2","Wales","8","2","435"
"Brazil","2","Belgium","8","1","436"
"Colombia","4","Spain","8","2","436"
"France","4","Belgium","5","1","437"
"Brazil","4","Australia","6","2","437"
"Belgium","1","Argentina","7","1","438"
"Qatar","1","Mexico","8","2","438"
"Italy","1","Mexico","6","1","439"
"Germany","4","Spain","6","2","439"
"Argentina","1","Spain","5","1","440"
"Netherlands","1","Belgium","8","2","440"
"Portugal","1","France","5","1","441"
"Uruguay","4","Netherlands","7","2","441"
"Spain","2","Belgium","5","1","442"
"France","1","Brazil","8","2","442"
"Portugal","4","Belgium","6","1","443"
"Spain","3","Brazil","7","2","443"
"Chile","1","Italy","7","1","444"
"Portugal","1","Denmark","5","2","444"
"Argentina","2","Belgium","8","1","445"
"Spain","1","Uruguay","7","2","445"
"Netherlands","1","Brazil","5","1","446"
"Spain","4","England","7","2","446"
"Denmark","2","France","6","1","447"
"Brazil","1","Portugal","7","2","447"
"Wales","1","Spain","7","1","448"
"Italy","1","Portugal","6","2","448"
"Croatia","3","Belgium","8","1","449"
"Wales","3","France","8","2","449"
"England","3","Denmark","6","1","450"
"Portugal","1","Italy","6","2","450"
"Belgium","1","Denmark","8","1","451"
"Germany","1","United States","5","2","451"
"Brazil","1","Croatia","7","1","452"
"Belgium","3","Portugal","5","2","452"
"Denmark","3","Mexico","8","1","453"
"Brazil","3","France","6","2","453"
"Brazil","3","Poland","8","1","454"
"Portugal","4","England","5","2","454"
"Spain","3","Germany","6","1","455"
"Netherlands","1","Japan","5","2","455"
"Mexico","1","Brazil","8","1","456"
"England","1","Portugal","8","2","456"
"England","1","Belgium","7","1","457"
"Senegal","2","Spain","8","2","457"
"France","2","Belgium","6","1","458"
"Poland","3","Argentina","7","2","458"
"Belgium","2","Spain","6","1","459"
"England","4","Chile","5","2","459"
"Netherlands","4","United States","6","1","460"
"Korea Republic","1","Croatia","8","2","460"
"Denmark","1","Brazil","6","1","461"
"Colombia","1","Netherlands","5","2","461"
"Belgium","4","France","6","1","462"
"Denmark","1","Croatia","6","2","462"
"Germany","3","Belgium","6","1","463"
"Argentina","3","Italy","6","2","463"
"Spain","4","France","8","1","464"
"Poland","1","Belgium","6","2","464"
"Netherlands","1","Chile","5","1","465"
"Belgium","1","France","8","2","465"
"Belgium","4","Italy","8","1","466"
"Mexico","1","Brazil","6","2","466"
"Denmark","3","Korea Republic","5","1","467"
"England","3","Argentina","7","2","467"
"Mexico","2","Brazil","8","1","468"
"Iran","2","Italy","6","2","468"
"Colombia","2","Wales","6","1","469"
"Netherlands","4","Brazil","7","2","469"
"Costa Rica","3","Brazil","7","1","470"
"Belgium","1","Denmark","6","2","470"
"Iran","3","Spain","7","1","471"
"Colombia","2","France","8","2","471"
"Switzerland","1","France","8","1","472"
"England","3","Denmark","6","2","472"
"Senegal","1","Spain","5","1","473"
"Mexico","4","Chile","5","2","473"
"Denmark","4","Brazil","8","1","474"
"Spain","3","Poland","5","2","474"
"Iran","3","Croatia","6","1","475"
"France","2","Argentina","6","2","475"
"Uruguay","3","Spain","8","1","476"
"Brazil","4","Portugal","7","2","476"
"Belgium","1","Germany","7","1","477"
"Netherlands","1","Chile","6","2","477"
"Italy","1","Netherlands","6","1","478"
"Brazil","2","Uruguay","5","2","478"
"Italy","1","Croatia","6","1","479"
"Brazil","1","Portugal","8","2","479"
"Korea Republic","1","Spain","5","1","480"
"Brazil","4","Portugal","8","2","480"
"Brazil","1","Croatia","5","1","481"
"Spain","2","Portugal","7","2","481"
"Croatia","1","Germany","5","1","482"
"Chile","2","France","7","2","482"
"Argentina","1","Brazil","5","1","483"
"Netherlands","3","Poland","7","2","483"
"Morocco","2","Argentina","7","1","484"
"Brazil","4","Japan","5","2","484"
"Switzerland","2","France","7","1","485"
"Belgium","1","England","5","2","485"
"Italy","3","Netherlands","5","1","486"
"Colombia","4","Argentina","5","2","486"
"Italy","4","Spain","6","1","487"
"Argentina","1","Belgium","8","2","487"
"France","3","Netherlands","5","1","488"
"Chile","3","Italy","6","2","488"
"Uruguay","2","Mexico","6","1","489"
"England","3","France","5","2","489"
"Uruguay","1","Wales","7","1","490"
"Belgium","1","Brazil","5","2","490"
"Uruguay","1","Denmark","8","1","491"
"Netherlands","3","Italy","5","2","491"
"Argentina","1","Uruguay","8","1","492"
"Croatia","3","Netherlands","7","2","492"
"Japan","4","Mexico","7","1","493"
"Brazil","1","England","8","2","493"
"Spain","3","Brazil","5","1","494"
"Netherlands","2","Portugal","6","2","494"
"England","4","Netherlands","8","1","495"
"Belgium","4","Spain","6","2","495"
"Argentina","2","Portugal","8","1","496"
"Mexico","2","Denmark","5","2","496"
"Brazil","3","Italy","5","1","497"
"Qatar","3","Japan","8","2","497"
"France","1","Portugal","6","1","498"
"Italy","3","Netherlands","7","2","498"
"Netherlands","3","Chile","7","1","499"
"Uruguay","1","Denmark","5","2","499"
"France","2","Netherlands","8","1","500"
"Spain","2","Argentina","5","2","500"
"Mexico","2","Netherlands","7","1","501"
"Italy","3","Portugal","7","2","501"
"France","2","Colombia","8","1","502"
"Chile","1","Denmark","6","2","502"
"Switzerland","2","Spain","8","1","503"
"Brazil","2","Germany","5","2","503"
"Belgium","4","Portugal","7","1","504"
"Brazil","1","Germany","5","2","504"
"Belgium","3","Colombia","7","1","505"
"Portugal","3","Brazil","5","2","505"
"England","1","Argentina","7","1","506"
"Brazil","1","Belgium","7","2","506"
"Mexico","2","Denmark","5","1","507"
"Chile","1","England","5","2","507"
"Spain","4","Uruguay","8","1","508"
"Chile","1","Netherlands","6","2","508"
"Italy","1","Spain","7","1","509"
"Iran","4","Portugal","6","2","509"
"Croatia","1","Colombia","7","1","510"
"France","3","Portugal","8","2","510"
"Italy","2","France","6","1","511"
"Iran","4","Spain","6","2","511"
"Switzerland","3","Poland","7","1","512"
"Mexico","3","Brazil","6","2","512"
"Italy","1","Colombia","5","1","513"
"Germany","3","Brazil","6","2","513"
"Spain","2","Brazil","6","1","514"
"Switzerland","2","Germany","7","2","514"
"Germany","1","Colombia","5","1","515"
"Netherlands","2","Belgium","5","2","515"
"Denmark","3","England","8","1","516"
"Germany","1","Switzerland","6","2","516"
"France","2","Spain","6","1","517"
"Mexico","3","Japan","6","2","517"
"Netherlands","1","Japan","7","1","518"
"Brazil","1","Italy","7","2","518"
"Germany","4","Brazil","5","1","519"
"France","1","Italy","8","2","519"
"Italy","1","Brazil","7","1","520"
"Belgium","4","Portugal","7","2","520"
"France","3","Argentina","6","1","521"
"Netherlands","1","Portugal","5","2","521"
"France","1","Portugal","5","1","522"
"Chile","3","Argentina","8","2","522"
"Argentina","1","France","5","1","523"
"Brazil","3","Korea Republic","5","2","523"
"England","4","Brazil","7","1","524"
"Italy","1","Argentina","7","2","524"
"Argentina","4","Croatia","6","1","525"
"Uruguay","3","Brazil","5","2","525"
"Senegal","2","France","7","1","526"
"Belgium","4","Brazil","5","2","526"
"Belgium","1","Germany","6","1","527"
"Uruguay","3","Brazil","6","2","527"
"Argentina","3","Brazil","8","1","528"
"Belgium","1","Netherlands","5","2","528"
"Croatia","3","Belgium","5","1","529"
"United States","1","Argentina","8","2","529"
"France","1","Brazil","5","1","530"
"Wales","1","Germany","7","2","530"
"Germany","1","Poland","8","1","531"
"Brazil","2","Portugal","6","2","531"
"Spain","3","Argentina","7","1","532"
"Belgium","1","France","5","2","532"
"Korea Republic","4","Belgium","6","1","533"
"Spain","4","France","6","2","533"
"Spain","4","Argentina","5","1","534"
"England","4","Italy","8","2","534"
"Italy","1","Netherlands","6","1","535"
"Brazil","1","England","8","2","535"
"Spain","1","France","7","1","536"
"Portugal","1","Germany","6","2","536"
"Portugal","1","Brazil","8","1","537"
"Belgium","2","England","6","2","537"
"France","2","Netherlands","6","1","538"
"Spain","4","Belgium","8","2","538"
"Brazil","2","Belgium","6","1","539"
"Italy","4","France","7","2","539"
"Portugal","3","Italy","5","1","540"
"Mexico","3","Netherlands","5","2","540"
"Germany","1","Australia","5","1","541"
"Morocco","3","Belgium","5","2","541"
"Brazil","1","Spain","5","1","542"
"Switzerland","4","France","8","2","542"
"Argentina","3","Denmark","8","1","543"
"Portugal","1","Brazil","8","2","543"
"Germany","1","Uruguay","6","1","544"
"Denmark","4","Brazil","7","2","544"
"Denmark","1","Argentina","8","1","545"
"Spain","2","Senegal","7","2","545"
"France","1","Denmark","8","1","546"
"Belgium","4","England","8","2","546"
"Brazil","1","Netherlands","7","1","547"
"Germany","3","Spain","8","2","547"
"Brazil","4","England","6","1","548"
"Uruguay","1","Spain","6","2","548"
"France","4","Spain","6","1","549"
"Brazil","1","Italy","5","2","549"
"Croatia","1","Belgium","7","1","550"
"Argentina","1","France","7","2","550"
"Belgium","2","Spain","8","1","551"
"Wales","1","France","8","2","551"
"Mexico","3","Belgium","6","1","552"
"Denmark","2","France","7","2","552"
"Portugal","2","Senegal","6","1","553"
"Netherlands","2","Switzerland","6","2","553"
"France","2","Brazil","6","1","554"
"United States","3","Mexico","5","2","554"
"Morocco","3","France","8","1","555"
"Japan","4","Colombia","7","2","555"
"Brazil","1","Mexico","8","1","556"
"Netherlands","1","Italy","5","2","556"
"England","2","Belgium","6","1","557"
"Korea Republic","4","Denmark","6","2","557"
"Portugal","4","Denmark","8","1","558"
"England","4","Algeria","7","2","558"
"Tunisia","2","Netherlands","7","1","559"
"Spain","4","Italy","6","2","559"
"Japan","2","Italy","5","1","560"
"Brazil","3","England","8","2","560"
"Uruguay","1","Netherlands","7","1","561"
"Germany","1","Denmark","8","2","561"
"Uruguay","1","Belgium","8","1","562"
"Netherlands","2","France","8","2","562"
"Belgium","2","Uruguay","5","1","563"
"Netherlands","4","France","5","2","563"
"Brazil","1","Colombia","8","1","564"
"France","1","Germany","8","2","564"
"Brazil","2","Iran","7","1","565"
"France","2","Colombia","8","2","565"
"Poland","4","Netherlands","5","1","566"
"Iran","2","Italy","8","2","566"
"Belgium","3","Brazil","6","1","567"
"England","2","Argentina","7","2","567"
"Netherlands","1","Colombia","7","1","568"
"Argentina","3","Portugal","6","2","568"
"Brazil","4","Portugal","6","1","569"
"Mexico","2","Colombia","5","2","569"
"Croatia","4","Belgium","8","1","570"
"Argentina","2","France","5","2","570"
"Uruguay","2","Denmark","8","1","571"
"Argentina","1","Brazil","5","2","571"
"Wales","4","Portugal","8","1","572"
"Denmark","1","Spain","7","2","572"
"France","3","Brazil","7","1","573"
"Belgium","1","Chile","6","2","573"
"Spain","4","Uruguay","5","1","574"
"Brazil","1","Germany","5","2","574"
"Spain","3","Germany","7","1","575"
"England","1","Belgium","7","2","575"
"Brazil","1","France","5","1","576"
"England","3","Colombia","5","2","576"
"Japan","1","France","8","1","577"
"Portugal","3","Brazil","5","2","577"
"Mexico","3","Uruguay","7","1","578"
"Spain","3","Argentina","5","2","578"
"Uruguay","1","Netherlands","7","1","579"
"Senegal","1","Australia","8","2","579"
"Portugal","3","Germany","7","1","580"
"Mexico","1","Croatia","5","2","580"
"Netherlands","1","France","6","1","581"
"Spain","1","Argentina","5","2","581"
"England","4","Brazil","8","1","582"
"Colombia","1","Belgium","6","2","582"
"Belgium","4","Portugal","6","1","583"
"Mexico","1","France","6","2","583"
"Denmark","4","Netherlands","5","1","584"
"Spain","3","Uruguay","8","2","584"
"Germany","4","Italy","5","1","585"
"Brazil","1","England","6","2","585"
"Belgium","1","Italy","8","1","586"
"France","1","Spain","7","2","586"
"Brazil","2","Portugal","5","1","587"
"Spain","1","Belgium","5","2","587"
"Italy","1","Spain","6","1","588"
"Qatar","2","Belgium","8","2","588"
"Tunisia","4","Costa Rica","5","1","589"
"Argentina","3","Belgium","7","2","589"
"Argentina","1","Spain","8","1","590"
"Portugal","4","England","7","2","590"
"England","3","Chile","8","1","591"
"Korea Republic","1","Belgium","6","2","591"
"Belgium","1","Spain","7","1","592"
"Qatar","1","Croatia","7","2","592"
"Uruguay","2","Brazil","5","1","593"
"England","4","Croatia","7","2","593"
"Portugal","1","Spain","7","1","594"
"Brazil","3","Italy","7","2","594"
"Netherlands","1","Belgium","6","1","595"
"France","1","Denmark","5","2","595"
"Portugal","1","Spain","6","1","596"
"Uruguay","4","Mexico","5","2","596"
"Uruguay","2","Italy","8","1","597"
"Belgium","2","Iran","6","2","597"
"Chile","2","Germany","8","1","598"
"Poland","3","Argentina","8","2","598"
"Australia","4","Portugal","6","1","599"
"Spain","2","Belgium","8","2","599"
"Italy","1","France","6","1","600"
"Korea Republic","1","Portugal","6","2","600"
"Japan","4","Algeria","8","1","601"
"Spain","3","England","7","2","601"
"Mexico","1","Spain","5","1","602"
"Germany","2","Japan","5","2","602"
"Brazil","1","Uruguay","6","1","603"
"Belgium","1","Italy","8","2","603"
"England","1","Brazil","6","1","604"
"Germany","4","Argentina","7","2","604"
"Italy","3","Netherlands","8","1","605"
"Brazil","3","Portugal","5","2","605"
"Germany","1","Mexico","7","1","606"
"Argentina","1","Chile","8","2","606"
"Argentina","1","France","8","1","607"
"Brazil","4","Denmark","8","2","607"
"Brazil","3","Portugal","5","1","608"
"Italy","2","France","7","2","608"
"Iran","1","Portugal","7","1","609"
"Brazil","1","Switzerland","6","2","609"
"England","1","Spain","5","1","610"
"Netherlands","1","United States","5","2","610"
"Poland","3","France","8","1","611"
"Belgium","1","Brazil","7","2","611"
"Germany","3","Brazil","8","1","612"
"France","2","Korea Republic","6","2","612"
"Brazil","1","Colombia","7","1","613"
"Belgium","1","Portugal","5","2","613"
"Brazil","1","Denmark","6","1","614"
"Mexico","3","Portugal","7","2","614"
"England","4","Netherlands","6","1","615"
"Costa Rica","2","Spain","8","2","615"
"Italy","1","Brazil","8","1","616"
"Portugal","4","Poland","8","2","616"
"Germany","2","Algeria","7","1","617"
"Italy","1","Brazil","5","2","617"
"Chile","1","Spain","6","1","618"
"Germany","1","Portugal","7","2","618"
"Iran","1","Brazil","7","1","619"
"United States","3","Denmark","6","2","619"
"Algeria","1","Spain","6","1","620"
"Germany","4","Portugal","6","2","620"
"Spain","4","Argentina","7","1","621"
"Brazil","2","Portugal","7","2","621"
"France","1","Morocco","6","1","622"
"Mexico","3","Belgium","7","2","622"
"England","2","Belgium","5","1","623"
"Denmark","3","Wales","8","2","623"
"France","4","England","8","1","624"
"Brazil","3","Spain","7","2","624"
"Italy","4","Chile","7","1","625"
"England","3","Mexico","7","2","625"
"Colombia","2","Brazil","6","1","626"
"Croatia","3","Iran","6","2","626"
"Denmark","2","Portugal","5","1","627"
"Brazil","3","Italy","8","2","627"
"Portugal","2","Argentina","7","1","628"
"Spain","4","Brazil","5","2","628"
"Argentina","1","Portugal","7","1","629"
"Belgium","1","Germany","8","2","629"
"France","1","England","7","1","630"
"Brazil","2","Belgium","5","2","630"
"Brazil","1","Uruguay","8","1","631"
"Belgium","1","France","8","2","631"
"Germany","4","England","5","1","632"
"Chile","2","Italy","5","2","632"
"Portugal","3","France","8","1","633"
"Uruguay","3","Italy","5","2","633"
"Spain","4","Portugal","6","1","634"
"Netherlands","3","Brazil","5","2","634"
"Italy","1","Belgium","8","1","635"
"Portugal","4","France","5","2","635"
"Belgium","2","Denmark","8","1","636"
"Uruguay","4","Switzerland","7","2","636"
"Portugal","3","Australia","7","1","637"
"France","1","Brazil","5","2","637"
"Denmark","1","Italy","7","1","638"
"Brazil","3","Argentina","5","2","638"
"Belgium","1","Colombia","8","1","639"
"Spain","3","Portugal","5","2","639"
"Belgium","2","France","7","1","640"
"Argentina","3","Mexico","6","2","640"
"France","4","England","8","1","641"
"Portugal","4","Belgium","6","2","641"
"Switzerland","2","Brazil","8","1","642"
"Portugal","2","France","5","2","642"
"Portugal","4","Brazil","7","1","643"
"Wales","4","Belgium","5","2","643"
"Netherlands","4","Belgium","6","1","644"
"Colombia","4","Italy","8","2","644"
"Uruguay","4","Portugal","7","1","645"
"Australia","4","Brazil","7","2","645"
"Brazil","3","France","6","1","646"
"Germany","2","Uruguay","5","2","646"
"Mexico","4","Argentina","7","1","647"
"Poland","1","Belgium","6","2","647"
"Denmark","4","Uruguay","6","1","648"
"France","1","Korea Republic","6","2","648"
"Argentina","1","Spain","8","1","649"
"Wales","1","Germany","6","2","649"
"France","3","Portugal","6","1","650"
"Uruguay","3","Brazil","7","2","650"
"Netherlands","3","Portugal","6","1","651"
"France","4","Italy","6","2","651"
"Brazil","4","Germany","7","1","652"
"Netherlands","4","Uruguay","5","2","652"
"Brazil","1","Italy","8","1","653"
"France","1","Spain","8","2","653"
"Belgium","1","England","5","1","654"
"Jamaica","3","Brazil","7","2","654"
"United States","3","Denmark","7","1","655"
"England","1","Italy","8","2","655"
"Uruguay","4","Korea Republic","6","1","656"
"France","4","Mexico","7","2","656"
"Brazil","2","Croatia","5","1","657"
"Portugal","3","Belgium","8","2","657"
"Germany","3","Italy","5","1","658"
"Algeria","3","Belgium","7","2","658"
"France","2","Argentina","7","1","659"
"Belgium","3","Senegal","6","2","659"
"Japan","4","Brazil","7","1","660"
"Poland","3","Portugal","6","2","660"
"Germany","3","Brazil","8","1","661"
"Portugal","1","Italy","6","2","661"
"United States","1","Brazil","7","1","662"
"Switzerland","3","Chile","6","2","662"
"Mexico","1","Poland","5","1","663"
"Colombia","1","Belgium","8","2","663"
"Mexico","3","Denmark","5","1","664"
"Brazil","3","Belgium","5","2","664"
"Croatia","1","Jamaica","7","1","665"
"Qatar","1","France","8","2","665"
"Belgium","2","Brazil","7","1","666"
"Netherlands","4","Portugal","7","2","666"
"Brazil","1","Argentina","6","1","667"
"Italy","1","Netherlands","6","2","667"
"Netherlands","2","Portugal","6","1","668"
"France","3","Argentina","5","2","668"
"Belgium","4","Brazil","6","1","669"
"Japan","2","Argentina","7","2","669"
"Germany","3","Senegal","6","1","670"
"Belgium","2","Argentina","7","2","670"
"France","3","Belgium","6","1","671"
"Switzerland","2","Portugal","8","2","671"
"Brazil","1","England","6","1","672"
"Spain","2","Morocco","8","2","672"
"Switzerland","1","Germany","6","1","673"
"France","4","Italy","8","2","673"
"Wales","1","Spain","7","1","674"
"Argentina","3","Colombia","7","2","674"
"Germany","2","Wales","6","1","675"
"England","3","Netherlands","6","2","675"
"Italy","4","Brazil","6","1","676"
"England","2","Uruguay","6","2","676"
"Portugal","3","Spain","8","1","677"
"Belgium","1","Germany","8","2","677"
"Croatia","4","Brazil","5","1","678"
"Belgium","2","Netherlands","5","2","678"
"Switzerland","1","Uruguay","8","1","679"
"France","2","Brazil","8","2","679"
"Portugal","3","Brazil","6","1","680"
"Japan","3","Belgium","7","2","680"
"Brazil","1","Uruguay","8","1","681"
"England","3","Portugal","7","2","681"
"Iran","2","France","8","1","682"
"Brazil","1","Netherlands","6","2","682"
"Wales","1","France","5","1","683"
"Belgium","4","Brazil","7","2","683"
"Iran","4","Belgium","5","1","684"
"France","1","Germany","6","2","684"
"Belgium","1","France","5","1","685"
"Mexico","3","Croatia","5","2","685"
"Germany","1","Italy","6","1","686"
"Mexico","3","Belgium","8","2","686"
"Italy","3","Netherlands","5","1","687"
"Belgium","3","Argentina","8","2","687"
"Colombia","4","Belgium","7","1","688"
"Spain","1","Denmark","8","2","688"
"Iran","3","France","7","1","689"
"Brazil","1","Portugal","7","2","689"
"Brazil","1","Spain","5","1","690"
"Qatar","1","Portugal","6","2","690"
"Portugal","4","Spain","6","1","691"
"Brazil","4","Mexico","5","2","691"
"Denmark","4","Spain","6","1","692"
"Portugal","1","Netherlands","6","2","692"
"Argentina","2","Brazil","8","1","693"
"Qatar","2","Korea Republic","6","2","693"
"Argentina","1","Brazil","7","1","694"
"Belgium","4","Germany","6","2","694"
"France","3","Denmark","8","1","695"
"Croatia","1","Spain","7","2","695"
"Iran","1","Brazil","7","1","696"
"Argentina","3","Uruguay","7","2","696"
"France","2","Brazil","8","1","697"
"Portugal","2","England","5","2","697"
"France","3","Portugal","7","1","698"
"Mexico","4","Uruguay","5","2","698"
"Switzerland","2","Belgium","6","1","699"
"Colombia","4","United States","8","2","699"
"Uruguay","2","Argentina","7","1","700"
"Spain","2","Italy","8","2","700"
"Belgium","1","England","7","1","701"
"France","2","Brazil","8","2","701"
"Algeria","1","Brazil","6","1","702"
"Spain","1","Netherlands","8","2","702"
"Germany","2","Belgium","6","1","703"
"Brazil","1","Spain","5","2","703"
"Switzerland","4","England","7","1","704"
"France","3","Belgium","8","2","704"
"Poland","3","Portugal","8","1","705"
"Denmark","3","France","8","2","705"
"Mexico","2","France","6","1","706"
"Brazil","2","Argentina","7","2","706"
"Brazil","1","Spain","5","1","707"
"Iran","3","France","7","2","707"
"Colombia","1","Uruguay","8","1","708"
"Belgium","2","Spain","8","2","708"
"Germany","1","Tunisia","6","1","709"
"Spain","2","France","5","2","709"
"England","1","Portugal","8","1","710"
"Denmark","2","France","5","2","710"
"Germany","3","Croatia","5","1","711"
"Belgium","3","Uruguay","6","2","711"
"Uruguay","1","Mexico","8","1","712"
"Qatar","1","Belgium","5","2","712"
"Brazil","1","Belgium","7","1","713"
"England","4","Argentina","6","2","713"
"Italy","4","Brazil","8","1","714"
"England","1","Portugal","6","2","714"
"Uruguay","2","England","7","1","715"
"Belgium","4","Italy","7","2","715"
"Italy","3","France","8","1","716"
"Brazil","1","Portugal","7","2","716"
"England","1","France","6","1","717"
"Croatia","1","Chile","6","2","717"
"England","1","Portugal","8","1","718"
"Senegal","3","Italy","5","2","718"
"England","3","Portugal","6","1","719"
"Denmark","1","Spain","8","2","719"
"Switzerland","2","Portugal","8","1","720"
"Algeria","1","Belgium","8","2","720"
"United States","2","France","7","1","721"
"Portugal","4","Japan","7","2","721"
"Mexico","3","Portugal","5","1","722"
"Belgium","3","England","5","2","722"
"Argentina","4","Belgium","6","1","723"
"Chile","4","Netherlands","6","2","723"
"Portugal","1","Italy","6","1","724"
"Netherlands","1","Colombia","7","2","724"
"Italy","3","Portugal","5","1","725"
"Chile","1","Brazil","5","2","725"
"Brazil","2","Croatia","8","1","726"
"Argentina","2","Spain","6","2","726"
"Switzerland","1","Wales","6","1","727"
"Netherlands","1","Belgium","7","2","727"
"France","2","Argentina","7","1","728"
"Spain","4","Belgium","6","2","728"
"Belgium","4","Italy","5","1","729"
"Spain","3","France","7","2","729"
"Mexico","4","Netherlands","6","1","730"
"Brazil","1","Spain","6","2","730"
"Belgium","2","Spain","8","1","731"
"Italy","3","France","8","2","731"
"Brazil","2","Belgium","8","1","732"
"Japan","4","Uruguay","8","2","732"
"Denmark","1","Portugal","8","1","733"
"Argentina","1","France","7","2","733"
"England","1","Italy","8","1","734"
"Mexico","3","France","6","2","734"
"Switzerland","3","Belgium","7","1","735"
"Algeria","4","France","8","2","735"
"Italy","3","Portugal","6","1","736"
"France","2","Belgium","5","2","736"
"Spain","2","France","6","1","737"
"Denmark","3","Netherlands","6","2","737"
"Netherlands","3","France","7","1","738"
"Colombia","3","Uruguay","8","2","738"
"Netherlands","4","Korea Republic","8","1","739"
"England","3","Wales","7","2","739"
"England","4","France","8","1","740"
"Belgium","2","Uruguay","8","2","740"
"Nigeria","2","Mexico","6","1","741"
"Belgium","1","Uruguay","8","2","741"
"Spain","3","France","8","1","742"
"Belgium","3","Italy","7","2","742"
"Italy","1","United States","6","1","743"
"Germany","1","France","6","2","743"
"France","1","Algeria","5","1","744"
"Spain","2","Brazil","5","2","744"
"Mexico","2","Belgium","8","1","745"
"Switzerland","2","England","7","2","745"
"Netherlands","4","Portugal","6","1","746"
"Morocco","1","Spain","7","2","746"
"Colombia","3","Belgium","5","1","747"
"England","3","France","7","2","747"
"Wales","1","Italy","7","1","748"
"Brazil","3","France","5","2","748"
"Mexico","1","Belgium","7","1","749"
"Germany","1","Italy","8","2","749"
"England","3","Brazil","6","1","750"
"Switzerland","1","Japan","6","2","750"
"Belgium","1","Italy","6","1","751"
"Germany","1","Mexico","7","2","751"
"Jamaica","1","Switzerland","8","1","752"
"Brazil","3","Italy","8","2","752"
"Brazil","1","Belgium","8","1","753"
"France","1","Wales","8","2","753"
"Netherlands","3","Poland","8","1","754"
"France","1","Argentina","8","2","754"
"Portugal","3","Wales","6","1","755"
"France","1","Brazil","7","2","755"
"Netherlands","3","Germany","5","1","756"
"Brazil","1","Croatia","6","2","756"
"Spain","4","Belgium","8","1","757"
"Brazil","3","Netherlands","5","2","757"
"Croatia","4","Brazil","8","1","758"
"Mexico","3","Portugal","6","2","758"
"Brazil","2","Italy","7","1","759"
"Spain","1","Belgium","8","2","759"
"Argentina","3","Brazil","7","1","760"
"Belgium","1","Portugal","5","2","760"
"Portugal","2","Brazil","6","1","761"
"Belgium","2","France","6","2","761"
"Mexico","2","Colombia","5","1","762"
"France","1","England","8","2","762"
"Uruguay","1","Argentina","5","1","763"
"Brazil","4","Germany","7","2","763"
"Mexico","4","Belgium","7","1","764"
"Brazil","1","Italy","7","2","764"
"Netherlands","4","Germany","5","1","765"
"France","1","Brazil","6","2","765"
"Argentina","1","Belgium","5","1","766"
"Brazil","3","Spain","8","2","766"
"Iran","1","Netherlands","6","1","767"
"France","2","Brazil","6","2","767"
"Netherlands","2","Uruguay","7","1","768"
"Brazil","1","Colombia","6","2","768"
"Belgium","2","Iran","7","1","769"
"Croatia","4","Denmark","5","2","769"
"Portugal","2","Nigeria","7","1","770"
"Poland","4","France","8","2","770"
"Croatia","4","Brazil","6","1","771"
"Netherlands","1","Spain","5","2","771"
"Belgium","1","Chile","5","1","772"
"Portugal","1","Spain","5","2","772"
"Denmark","4","Uruguay","7","1","773"
"Spain","4","Brazil","5","2","773"
"Chile","1","Germany","5","1","774"
"Brazil","1","Denmark","8","2","774"
"Netherlands","4","France","6","1","775"
"Belgium","1","Chile","6","2","775"
"Germany","2","Denmark","6","1","776"
"Wales","3","Italy","8","2","776"
"Belgium","4","Germany","6","1","777"
"Italy","3","Netherlands","7","2","777"
"Mexico","1","Belgium","7","1","778"
"Denmark","3","Colombia","6","2","778"
"France","1","Iran","6","1","779"
"Belgium","4","Brazil","8","2","779"
"Morocco","1","France","8","1","780"
"Italy","4","Germany","8","2","780"
"Mexico","1","Belgium","7","1","781"
"Portugal","1","Japan","7","2","781"
"France","2","Switzerland","5","1","782"
"Netherlands","4","United States","7","2","782"
"Colombia","2","Spain","7","1","783"
"Italy","4","Uruguay","5","2","783"
"Korea Republic","3","Algeria","5","1","784"
"Netherlands","2","Brazil","8","2","784"
"Netherlands","3","Germany","7","1","785"
"Argentina","3","Brazil","5","2","785"
"Croatia","4","Portugal","5","1","786"
"Argentina","3","Spain","8","2","786"
"France","3","Italy","6","1","787"
"Germany","2","Brazil","8","2","787"
"Germany","3","Brazil","5","1","788"
"Netherlands","4","Japan","8","2","788"
"Argentina","3","Mexico","5","1","789"
"Netherlands","1","Japan","5","2","789"
"Argentina","2","Uruguay","8","1","790"
"Brazil","1","Iran","6","2","790"
"Brazil","1","Croatia","6","1","791"
"France","1","England","8","2","791"
"Belgium","1","Iran","5","1","792"
"Portugal","2","Mexico","8","2","792"
"France","1","England","7","1","793"
"Brazil","1","Belgium","7","2","793"
"Argentina","2","France","6","1","794"
"Spain","1","Belgium","6","2","794"
"Argentina","1","France","5","1","795"
"Japan","3","Wales","5","2","795"
"Korea Republic","4","Italy","7","1","796"
"Brazil","1","France","8","2","796"
"France","1","Spain","7","1","797"
"Italy","1","Brazil","7","2","797"
"Netherlands","2","Brazil","6","1","798"
"Germany","4","Argentina","7","2","798"
"Uruguay","2","Croatia","7","1","799"
"Belgium","4","Brazil","8","2","799"
"Argentina","1","Germany","6","1","800"
"Denmark","2","Korea Republic","7","2","800"
"Japan","3","Argentina","8","1","801"
"Brazil","4","France","7","2","801"
"Spain","2","Croatia","8","1","802"
"Germany","2","Netherlands","7","2","802"
"Brazil","1","Portugal","6","1","803"
"Argentina","2","Belgium","5","2","803"
"Colombia","1","Spain","7","1","804"
"England","4","France","6","2","804"
"Netherlands","3","Iran","5","1","805"
"Colombia","4","Portugal","5","2","805"
"Belgium","1","Brazil","8","1","806"
"Uruguay","3","France","8","2","806"
"Uruguay","1","Brazil","8","1","807"
"Mexico","4","Netherlands","5","2","807"
"Colombia","1","Belgium","6","1","808"
"Denmark","3","Germany","7","2","808"
"Switzerland","2","Portugal","6","1","809"
"Spain","3","Italy","6","2","809"
"Netherlands","4","England","8","1","810"
"Belgium","2","Germany","5","2","810"
"Italy","2","France","6","1","811"
"Chile","1","Colombia","7","2","811"
"Croatia","4","Nigeria","5","1","812"
"Spain","3","Iran","7","2","812"
"Croatia","4","Switzerland","8","1","813"
"Brazil","1","France","8","2","813"
"Croatia","3","Chile","5","1","814"
"Brazil","1","Portugal","6","2","814"
"Portugal","3","Switzerland","8","1","815"
"Brazil","1","Algeria","6","2","815"
"Spain","4","England","5","1","816"
"Belgium","3","Argentina","7","2","816"
"France","4","Mexico","8","1","817"
"Croatia","3","Portugal","8","2","817"
"France","2","England","8","1","818"
"Italy","2","Denmark","7","2","818"
"Japan","1","Germany","5","1","819"
"Mexico","4","Brazil","8","2","819"
"Switzerland","1","Germany","5","1","820"
"Spain","2","Portugal","5","2","820"
"Australia","1","Uruguay","7","1","821"
"Portugal","2","Spain","6","2","821"
"Brazil","2","Belgium","5","1","822"
"France","1","Uruguay","8","2","822"
"Wales","4","Spain","5","1","823"
"Argentina","1","Mexico","5","2","823"
"England","1","Mexico","6","1","824"
"Argentina","4","Italy","8","2","824"
"Australia","2","Mexico","7","1","825"
"Argentina","4","France","6","2","825"
"Poland","2","Colombia","8","1","826"
"Netherlands","1","England","8","2","826"
"Brazil","2","England","8","1","827"
"Denmark","1","Uruguay","7","2","827"
"Spain","3","Morocco","7","1","828"
"Germany","2","France","7","2","828"
"Nigeria","1","Iran","6","1","829"
"Argentina","1","Spain","7","2","829"
"Portugal","3","Spain","6","1","830"
"Morocco","3","England","6","2","830"
"Argentina","1","Spain","5","1","831"
"Uruguay","3","Brazil","8","2","831"
"Mexico","3","Brazil","8","1","832"
"Argentina","4","Portugal","7","2","832"
"Brazil","1","Belgium","7","1","833"
"Colombia","4","Spain","6","2","833"
"Brazil","1","Colombia","6","1","834"
"Poland","2","Netherlands","7","2","834"
"Spain","3","Netherlands","8","1","835"
"Colombia","2","Germany","8","2","835"
"Japan","1","Colombia","5","1","836"
"Portugal","1","Denmark","7","2","836"
"Colombia","1","Mexico","5","1","837"
"Italy","4","Wales","7","2","837"
"Mexico","1","Belgium","8","1","838"
"France","3","Uruguay","5","2","838"
"Netherlands","4","Colombia","8","1","839"
"Denmark","4","Portugal","5","2","839"
"Italy","2","Argentina","7","1","840"
"Spain","2","Mexico","5","2","840"
"Italy","4","Germany","7","1","841"
"Croatia","1","Portugal","6","2","841"
"Netherlands","2","Brazil","5","1","842"
"Senegal","4","Italy","7","2","842"
"Brazil","3","Spain","7","1","843"
"Italy","1","Belgium","8","2","843"
"Germany","4","Argentina","7","1","844"
"Denmark","2","Mexico","8","2","844"
"Australia","4","France","8","1","845"
"Brazil","3","Uruguay","8","2","845"
"Mexico","1","Iran","5","1","846"
"Netherlands","2","Portugal","5","2","846"
"Spain","2","Brazil","7","1","847"
"Chile","2","United States","7","2","847"
"Germany","1","Portugal","5","1","848"
"Italy","4","Brazil","7","2","848"
"Argentina","2","Belgium","6","1","849"
"Spain","2","Switzerland","8","2","849"
"Italy","1","Wales","6","1","850"
"Portugal","2","France","5","2","850"
"Portugal","4","Argentina","6","1","851"
"Brazil","4","France","6","2","851"
"Denmark","1","France","8","1","852"
"Brazil","1","Italy","5","2","852"
"Netherlands","1","Italy","7","1","853"
"Switzerland","1","Belgium","7","2","853"
"France","4","Belgium","6","1","854"
"Mexico","4","Switzerland","7","2","854"
"Colombia","4","England","7","1","855"
"France","1","Croatia","7","2","855"
"Spain","1","Brazil","5","1","856"
"Belgium","1","Croatia","8","2","856"
"Spain","3","Belgium","6","1","857"
"Netherlands","4","Denmark","6","2","857"
"Germany","4","France","5","1","858"
"Brazil","3","Colombia","8","2","858"
"Switzerland","3","Spain","7","1","859"
"Belgium","1","Uruguay","7","2","859"
"Spain","2","France","8","1","860"
"Netherlands","1","Croatia","7","2","860"
"Colombia","1","Italy","6","1","861"
"Portugal","4","Argentina","8","2","861"
"Belgium","1","Colombia","5","1","862"
"Brazil","4","France","5","2","862"
"Mexico","2","England","6","1","863"
"Portugal","2","Belgium","8","2","863"
"Brazil","1","Spain","6","1","864"
"Switzerland","1","Mexico","7","2","864"
"Brazil","1","Italy","6","1","865"
"Argentina","4","Belgium","6","2","865"
"Brazil","1","Argentina","6","1","866"
"Colombia","2","Uruguay","5","2","866"
"Denmark","4","France","8","1","867"
"Argentina","1","Brazil","8","2","867"
"Wales","2","Portugal","5","1","868"
"Brazil","3","Italy","8","2","868"
"Portugal","3","Denmark","8","1","869"
"Algeria","4","England","6","2","869"
"France","4","Switzerland","5","1","870"
"Brazil","1","Chile","6","2","870"
"Belgium","1","Brazil","7","1","871"
"Croatia","1","Germany","8","2","871"
"Netherlands","2","Spain","5","1","872"
"France","2","Colombia","5","2","872"
"Brazil","1","Spain","6","1","873"
"France","3","England","8","2","873"
"Brazil","1","Mexico","5","1","874"
"Germany","2","Italy","7","2","874"
"Algeria","3","Uruguay","7","1","875"
"Netherlands","3","France","6","2","875"
"Denmark","2","England","6","1","876"
"Brazil","2","Colombia","7","2","876"
"Mexico","4","Belgium","6","1","877"
"Argentina","4","Netherlands","6","2","877"
"Netherlands","1","Chile","6","1","878"
"Spain","2","France","7","2","878"
"France","2","Argentina","8","1","879"
"Netherlands","4","Belgium","8","2","879"
"Netherlands","4","England","7","1","880"
"Portugal","4","Uruguay","6","2","880"
"Germany","3","United States","7","1","881"
"Japan","4","Argentina","6","2","881"
"Germany","1","Brazil","5","1","882"
"Denmark","3","Portugal","6","2","882"
"Netherlands","4","Portugal","5","1","883"
"Brazil","2","Italy","7","2","883"
"Argentina","2","Belgium","5","1","884"
"Uruguay","2","Colombia","8","2","884"
"Brazil","1","Italy","6","1","885"
"Uruguay","1","Portugal","6","2","885"
"Belgium","2","Croatia","7","1","886"
"Uruguay","3","Argentina","5","2","886"
"Belgium","2","England","6","1","887"
"France","2","Mexico","8","2","887"
"Mexico","1","Denmark","6","1","888"
"Belgium","1","Croatia","7","2","888"
"Spain","3","Australia","8","1","889"
"Netherlands","1","Portugal","8","2","889"
"Mexico","4","Germany","5","1","890"
"Spain","3","England","7","2","890"
"Italy","4","Argentina","8","1","891"
"England","1","France","7","2","891"
"Germany","1","Belgium","8","1","892"
"Denmark","1","Portugal","8","2","892"
"France","2","England","5","1","893"
"Netherlands","1","Italy","5","2","893"
"England","1","France","7","1","894"
"Uruguay","1","Spain","7","2","894"
"Denmark","2","Belgium","5","1","895"
"France","3","Netherlands","6","2","895"
"Spain","2","Portugal","8","1","896"
"Argentina","1","Belgium","8","2","896"
"Netherlands","1","Brazil","8","1","897"
"Belgium","4","Mexico","6","2","897"
"Germany","3","Switzerland","8","1","898"
"England","1","Uruguay","6","2","898"
"Italy","3","Wales","5","1","899"
"Brazil","1","Belgium","7","2","899"
"England","3","Portugal","6","1","900"
"Senegal","3","France","5","2","900"
"Belgium","2","France","6","1","901"
"Uruguay","2","Spain","8","2","901"
"Portugal","3","Croatia","7","1","902"
"Italy","1","Nigeria","7","2","902"
"Portugal","1","Argentina","7","1","903"
"England","1","France","8","2","903"
"Wales","2","Nigeria","6","1","904"
"France","1","Iran","7","2","904"
"Spain","4","Belgium","6","1","905"
"Netherlands","4","Germany","5","2","905"
"Denmark","3","France","5","1","906"
"Argentina","2","Spain","6","2","906"
"Colombia","4","Iran","7","1","907"
"Spain","2","Brazil","7","2","907"
"Brazil","1","Portugal","7","1","908"
"Netherlands","3","France","5","2","908"
"Mexico","2","Spain","8","1","909"
"Belgium","2","Colombia","8","2","909"
"Wales","4","Brazil","8","1","910"
"Argentina","1","Denmark","5","2","910"
"England","1","Brazil","7","1","911"
"Qatar","2","Denmark","8","2","911"
"Morocco","1","Netherlands","7","1","912"
"Senegal","3","France","6","2","912"
"Argentina","1","Belgium","5","1","913"
"Brazil","4","Uruguay","7","2","913"
"Denmark","1","Colombia","8","1","914"
"Portugal","1","Switzerland","5","2","914"
"Brazil","2","Italy","6","1","915"
"Belgium","4","France","6","2","915"
"Colombia","2","Iran","5","1","916"
"Senegal","1","Brazil","5","2","916"
"Colombia","4","Germany","7","1","917"
"Italy","4","Brazil","5","2","917"
"Brazil","1","France","6","1","918"
"England","3","Belgium","8","2","918"
"England","3","Italy","6","1","919"
"Spain","1","Portugal","7","2","919"
"France","1","Brazil","6","1","920"
"Croatia","3","Italy","6","2","920"
"Belgium","2","Chile","5","1","921"
"Australia","1","Italy","6","2","921"
"Portugal","4","Poland","5","1","922"
"Spain","2","Croatia","5","2","922"
"Switzerland","3","Chile","7","1","923"
"Brazil","1","Iran","6","2","923"
"Denmark","4","Mexico","5","1","924"
"Argentina","4","Spain","7","2","924"
"Croatia","4","Spain","6","1","925"
"Chile","4","Netherlands","6","2","925"
"Poland","4","Argentina","7","1","926"
"England","4","Italy","8","2","926"
"Brazil","1","Uruguay","8","1","927"
"Belgium","1","France","7","2","927"
"Portugal","2","Iran","6","1","928"
"Netherlands","2","Spain","5","2","928"
"Belgium","4","Spain","8","1","929"
"Italy","3","Uruguay","7","2","929"
"Brazil","4","Spain","8","1","930"
"Argentina","2","Chile","6","2","930"
"England","4","Italy","6","1","931"
"France","1","Croatia","7","2","931"
"Brazil","1","Spain","8","1","932"
"Germany","2","Switzerland","7","2","932"
"England","4","Portugal","7","1","933"
"Italy","2","France","5","2","933"
"France","3","Brazil","8","1","934"
"Belgium","1","Japan","7","2","934"
"Brazil","1","France","5","1","935"
"Korea Republic","1","England","6","2","935"
"Spain","2","Portugal","5","1","936"
"Uruguay","2","Brazil","5","2","936"
"Uruguay","1","Belgium","8","1","937"
"Brazil","1","Netherlands","8","2","937"
"Spain","3","Portugal","6","1","938"
"Netherlands","1","Uruguay","8","2","938"
"Spain","3","Netherlands","5","1","939"
"Brazil","4","Belgium","7","2","939"
"Croatia","4","France","7","1","940"
"Argentina","3","Chile","6","2","940"
"England","4","Italy","8","1","941"
"Belgium","3","Argentina","5","2","941"
"Switzerland","1","Mexico","7","1","942"
"France","3","Belgium","8","2","942"
"Denmark","2","Mexico","8","1","943"
"England","2","Spain","6","2","943"
"France","1","Croatia","5","1","944"
"Australia","1","Germany","8","2","944"
"Denmark","3","Uruguay","5","1","945"
"Netherlands","3","Portugal","8","2","945"
"Spain","3","Portugal","6","1","946"
"Italy","3","Netherlands","5","2","946"
"Germany","3","Italy","6","1","947"
"Spain","3","Belgium","5","2","947"
"Spain","1","Portugal","7","1","948"
"Mexico","2","Argentina","6","2","948"
"England","1","Italy","8","1","949"
"Portugal","4","Belgium","5","2","949"
"Denmark","4","Chile","8","1","950"
"Mexico","1","Belgium","7","2","950"
"Croatia","4","France","6","1","951"
"England","3","Spain","5","2","951"
"Portugal","1","Italy","6","1","952"
"Brazil","4","France","5","2","952"
"France","1","Brazil","6","1","953"
"Germany","1","Netherlands","5","2","953"
"Italy","1","Wales","8","1","954"
"Switzerland","2","Belgium","7","2","954"
"England","1","Switzerland","8","1","955"
"Uruguay","4","Germany","8","2","955"
"Italy","1","Japan","6","1","956"
"Spain","2","France","8","2","956"
"Brazil","1","Portugal","8","1","957"
"Mexico","1","Netherlands","5","2","957"
"Chile","1","Brazil","8","1","958"
"Belgium","2","Spain","8","2","958"
"Uruguay","4","Argentina","7","1","959"
"France","1","Denmark","8","2","959"
"Poland","1","Korea Republic","7","1","960"
"Brazil","2","Portugal","5","2","960"
"France","2","Brazil","6","1","961"
"Spain","4","Denmark","8","2","961"
"Colombia","1","England","5","1","962"
"Portugal","3","Brazil","7","2","962"
"Denmark","4","Brazil","6","1","963"
"Argentina","4","Uruguay","6","2","963"
"Netherlands","2","Germany","8","1","964"
"Italy","3","Colombia","5","2","964"
"Netherlands","2","England","5","1","965"
"France","1","Belgium","5","2","965"
"Mexico","1","Chile","6","1","966"
"Portugal","3","Croatia","6","2","966"
"Germany","1","Spain","7","1","967"
"Brazil","2","Mexico","6","2","967"
"France","2","Belgium","7","1","968"
"Germany","3","Italy","6","2","968"
"Denmark","2","Netherlands","7","1","969"
"Mexico","3","Belgium","6","2","969"
"Mexico","1","Argentina","8","1","970"
"Brazil","1","England","7","2","970"
"Italy","1","Iran","7","1","971"
"Brazil","1","Portugal","5","2","971"
"Italy","2","Brazil","8","1","972"
"Germany","1","Croatia","7","2","972"
"Belgium","2","Portugal","5","1","973"
"Spain","4","Uruguay","7","2","973"
"Qatar","3","Portugal","8","1","974"
"Germany","4","Colombia","5","2","974"
"Iran","2","Australia","8","1","975"
"Wales","4","Belgium","6","2","975"
"France","4","Brazil","7","1","976"
"Portugal","1","Japan","5","2","976"
"Netherlands","1","England","5","1","977"
"Italy","1","France","7","2","977"
"Portugal","2","Uruguay","5","1","978"
"Germany","3","Netherlands","7","2","978"
"Colombia","4","Denmark","7","1","979"
"Brazil","4","Belgium","7","2","979"
"Spain","4","Netherlands","6","1","980"
"Uruguay","4","Portugal","5","2","980"
"Iran","1","Switzerland","6","1","981"
"Portugal","3","Mexico","7","2","981"
"England","4","Argentina","6","1","982"
"Brazil","1","Portugal","6","2","982"
"Croatia","3","Belgium","5","1","983"
"Switzerland","2","Brazil","7","2","983"
"Netherlands","3","Korea Republic","8","1","984"
"Brazil","1","Argentina","7","2","984"
"Uruguay","4","Brazil","7","1","985"
"Algeria","3","Netherlands","7","2","985"
"Brazil","1","Colombia","5","1","986"
"Spain","2","France","5","2","986"
"Italy","4","England","6","1","987"
"Portugal","1","Belgium","8","2","987"
"Senegal","3","Brazil","8","1","988"
"Argentina","1","Germany","5","2","988"
"France","1","Australia","6","1","989"
"Spain","2","Croatia","5","2","989"
"Portugal","4","Italy","8","1","990"
"Japan","4","Chile","7","2","990"
"France","4","Spain","6","1","991"
"Italy","1","Brazil","6","2","991"
"Spain","4","Portugal","8","1","992"
"Argentina","1","Belgium","7","2","992"
"Netherlands","2","Brazil","8","1","993"
"Denmark","1","Spain","7","2","993"
"Germany","1","Switzerland","6","1","994"
"Brazil","3","Portugal","8","2","994"
"Netherlands","3","Uruguay","8","1","995"
"Portugal","2","Nigeria","5","2","995"
"France","1","Argentina","8","1","996"
"Australia","1","Mexico","5","2","996"
"Korea Republic","3","England","6","1","997"
"France","3","Belgium","7","2","997"
"Italy","4","Argentina","6","1","998"
"Brazil","2","Croatia","5","2","998"
"Portugal","4","Argentina","6","1","999"
"Spain","2","England","5","2","999"
"Netherlands","1","Iran","7","1","1000"
"Switzerland","1","France","8","2","1000"
