"simulation","winners","second_places","third_places","fourth_places"
1,"France","Algeria","Belgium","England"
2,"Argentina","Germany","Portugal","Senegal"
3,"Germany","Brazil","Italy","Mexico"
4,"Portugal","France","Colombia","Iran"
5,"Mexico","Switzerland","Brazil","Belgium"
6,"Mexico","Portugal","France","Netherlands"
7,"Brazil","Wales","Spain","Argentina"
8,"Brazil","Portugal","Poland","Argentina"
9,"Argentina","Brazil","Germany","Chile"
10,"Algeria","Spain","Portugal","Belgium"
11,"Belgium","Germany","Italy","Portugal"
12,"Belgium","Uruguay","Italy","Spain"
13,"Italy","Spain","Switzerland","Argentina"
14,"Netherlands","Brazil","Belgium","Poland"
15,"Mexico","Portugal","England","Denmark"
16,"Brazil","Spain","Colombia","Argentina"
17,"Brazil","Chile","Argentina","Mexico"
18,"Spain","Mexico","Brazil","Colombia"
19,"Mexico","Argentina","Netherlands","England"
20,"Portugal","Brazil","England","Belgium"
21,"Belgium","Mexico","France","Netherlands"
22,"England","Netherlands","Germany","Brazil"
23,"Belgium","Italy","Spain","Brazil"
24,"Belgium","Brazil","Portugal","Denmark"
25,"Argentina","Portugal","Mexico","Uruguay"
26,"Denmark","Qatar","Colombia","Switzerland"
27,"Belgium","Spain","Germany","Portugal"
28,"France","Argentina","Belgium","Japan"
29,"Netherlands","Denmark","Belgium","Germany"
30,"Germany","France","Spain","Qatar"
31,"Brazil","Mexico","Uruguay","Italy"
32,"Italy","France","Argentina","Colombia"
33,"France","Belgium","Spain","Portugal"
34,"Portugal","Mexico","Denmark","Brazil"
35,"Portugal","Belgium","France","Netherlands"
36,"Brazil","Portugal","France","Italy"
37,"Spain","France","Belgium","England"
38,"Brazil","Spain","Chile","Portugal"
39,"Colombia","Mexico","Brazil","Netherlands"
40,"Portugal","England","Belgium","Spain"
41,"Morocco","Brazil","Colombia","France"
42,"Brazil","Belgium","France","Italy"
43,"Portugal","Italy","Brazil","England"
44,"Argentina","Croatia","Brazil","Netherlands"
45,"England","Uruguay","Argentina","Korea Republic"
46,"England","Colombia","France","Portugal"
47,"Italy","Brazil","Netherlands","Argentina"
48,"Italy","Mexico","Japan","Croatia"
49,"Germany","France","Colombia","Senegal"
50,"Portugal","Brazil","Italy","Chile"
51,"France","Croatia","Italy","Denmark"
52,"Colombia","Brazil","Belgium","Spain"
53,"Brazil","Germany","Belgium","Portugal"
54,"Germany","Netherlands","France","Denmark"
55,"Brazil","Germany","Belgium","Colombia"
56,"Colombia","Belgium","Mexico","Brazil"
57,"Belgium","France","Spain","Mexico"
58,"France","Belgium","Brazil","Algeria"
59,"Portugal","Brazil","Spain","Denmark"
60,"Brazil","Spain","Colombia","Mexico"
61,"Portugal","Netherlands","Uruguay","Belgium"
62,"England","Spain","Brazil","Germany"
63,"Brazil","Japan","France","Chile"
64,"Belgium","Spain","Brazil","Uruguay"
65,"Brazil","Algeria","Denmark","Chile"
66,"Mexico","Colombia","Japan","Wales"
67,"Portugal","Italy","Belgium","Denmark"
68,"Netherlands","Mexico","Nigeria","Colombia"
69,"Qatar","Argentina","France","Colombia"
70,"Denmark","England","Colombia","Italy"
71,"Denmark","Spain","Brazil","Australia"
72,"Spain","Brazil","Argentina","France"
73,"Argentina","Spain","Belgium","Poland"
74,"Spain","Argentina","Mexico","Uruguay"
75,"France","Germany","England","Mexico"
76,"Argentina","Tunisia","Belgium","Denmark"
77,"Brazil","Portugal","Croatia","Morocco"
78,"Spain","Argentina","Portugal","Italy"
79,"Brazil","Poland","Germany","Denmark"
80,"Korea Republic","Mexico","France","Denmark"
81,"Brazil","Belgium","Switzerland","Germany"
82,"Uruguay","Brazil","Germany","Belgium"
83,"Croatia","Brazil","Chile","Japan"
84,"France","Denmark","Germany","Colombia"
85,"Brazil","England","Portugal","Germany"
86,"Brazil","Switzerland","Portugal","Uruguay"
87,"Argentina","Netherlands","Belgium","Tunisia"
88,"France","Netherlands","Mexico","Spain"
89,"France","Spain","Mexico","Uruguay"
90,"Netherlands","Spain","Italy","Poland"
91,"Portugal","Brazil","France","Qatar"
92,"Brazil","Belgium","Argentina","Portugal"
93,"Brazil","United States","Argentina","Netherlands"
94,"France","Croatia","Senegal","Italy"
95,"Netherlands","France","Colombia","Italy"
96,"Brazil","Spain","Argentina","Mexico"
97,"Portugal","Argentina","Iran","Belgium"
98,"Portugal","Brazil","Denmark","Italy"
99,"France","Croatia","Netherlands","Wales"
100,"Brazil","Poland","Netherlands","France"
101,"Brazil","Croatia","Uruguay","Netherlands"
102,"Brazil","Portugal","France","Argentina"
103,"Denmark","Portugal","Spain","Belgium"
104,"England","Switzerland","Denmark","Belgium"
105,"Spain","Croatia","Denmark","Netherlands"
106,"Netherlands","Portugal","Brazil","England"
107,"Denmark","Australia","Argentina","Qatar"
108,"Netherlands","Belgium","France","Croatia"
109,"Portugal","Belgium","England","France"
110,"France","Australia","Brazil","Switzerland"
111,"Argentina","Netherlands","Croatia","England"
112,"Uruguay","Poland","Portugal","Mexico"
113,"Netherlands","Qatar","Germany","Brazil"
114,"Uruguay","Spain","Portugal","France"
115,"Spain","Brazil","England","Croatia"
116,"Portugal","Denmark","Uruguay","Germany"
117,"Brazil","Denmark","Italy","England"
118,"Belgium","Brazil","Chile","Qatar"
119,"England","Argentina","Denmark","Italy"
120,"Brazil","Germany","France","Korea Republic"
121,"Spain","Belgium","Poland","Mexico"
122,"Germany","Brazil","Denmark","Mexico"
123,"Poland","Brazil","Croatia","Portugal"
124,"Colombia","Italy","England","Mexico"
125,"Brazil","France","Belgium","Mexico"
126,"France","Italy","Brazil","Spain"
127,"Brazil","Belgium","Italy","Argentina"
128,"Italy","Argentina","Denmark","Germany"
129,"Italy","Germany","Brazil","France"
130,"Spain","Belgium","Italy","Netherlands"
131,"Italy","Denmark","Spain","Switzerland"
132,"Colombia","Algeria","Croatia","Portugal"
133,"France","Belgium","Spain","Brazil"
134,"Brazil","France","Argentina","Croatia"
135,"Brazil","Belgium","Netherlands","Spain"
136,"Belgium","Brazil","Spain","Germany"
137,"Belgium","Poland","France","United States"
138,"Brazil","Chile","Japan","England"
139,"Belgium","England","Brazil","Mexico"
140,"Belgium","Spain","Denmark","Qatar"
141,"France","Brazil","Croatia","Colombia"
142,"Germany","France","Italy","Spain"
143,"Argentina","Belgium","Spain","Poland"
144,"France","Netherlands","Italy","Japan"
145,"Argentina","Netherlands","Spain","Mexico"
146,"France","Brazil","Iran","Denmark"
147,"Brazil","Algeria","Croatia","Italy"
148,"Germany","Brazil","Denmark","Italy"
149,"Iran","Belgium","Uruguay","Brazil"
150,"Colombia","Netherlands","Belgium","Portugal"
151,"Portugal","France","Mexico","Netherlands"
152,"Mexico","Netherlands","Portugal","Chile"
153,"Brazil","France","Uruguay","Portugal"
154,"Croatia","Belgium","Netherlands","Italy"
155,"Brazil","France","Switzerland","Germany"
156,"Algeria","Argentina","Belgium","Denmark"
157,"Spain","Denmark","Italy","Portugal"
158,"Belgium","Italy","France","Denmark"
159,"Netherlands","Portugal","France","Colombia"
160,"Brazil","Netherlands","Argentina","Portugal"
161,"France","Netherlands","Switzerland","Brazil"
162,"Belgium","Portugal","Iran","Korea Republic"
163,"Argentina","Spain","Belgium","Colombia"
164,"Portugal","France","Belgium","Uruguay"
165,"Portugal","Brazil","Germany","Korea Republic"
166,"France","Portugal","Brazil","Denmark"
167,"Belgium","Spain","Denmark","Uruguay"
168,"Portugal","Korea Republic","Brazil","Australia"
169,"Belgium","France","Denmark","Iran"
170,"Uruguay","Colombia","Spain","Germany"
171,"Portugal","Colombia","France","Argentina"
172,"Brazil","Croatia","France","Colombia"
173,"Brazil","France","Mexico","Senegal"
174,"Germany","Netherlands","Italy","England"
175,"Uruguay","France","Croatia","Wales"
176,"Portugal","Belgium","Brazil","Spain"
177,"France","Croatia","Netherlands","Belgium"
178,"Italy","Uruguay","Spain","Morocco"
179,"Spain","Brazil","Uruguay","Algeria"
180,"Belgium","Brazil","Croatia","Germany"
181,"Netherlands","France","Mexico","Germany"
182,"Spain","Germany","France","England"
183,"Mexico","Belgium","Uruguay","Germany"
184,"Belgium","Iran","Netherlands","Korea Republic"
185,"Belgium","Brazil","Portugal","Netherlands"
186,"Denmark","Nigeria","Spain","Croatia"
187,"Netherlands","Chile","France","England"
188,"Uruguay","France","Belgium","Croatia"
189,"Netherlands","England","France","Argentina"
190,"Netherlands","Mexico","Uruguay","Argentina"
191,"Spain","France","Mexico","Croatia"
192,"Brazil","Portugal","Colombia","Croatia"
193,"Brazil","Colombia","Italy","Belgium"
194,"Portugal","Uruguay","Croatia","United States"
195,"Brazil","Belgium","France","Mexico"
196,"Germany","Italy","Portugal","Argentina"
197,"Brazil","Argentina","Germany","Netherlands"
198,"Denmark","Italy","Portugal","Senegal"
199,"Belgium","Brazil","Mexico","Spain"
200,"Denmark","Croatia","Spain","Mexico"
201,"Belgium","Uruguay","Germany","Iran"
202,"Belgium","Colombia","Italy","Brazil"
203,"Belgium","Brazil","Spain","Uruguay"
204,"Brazil","Italy","France","Croatia"
205,"Brazil","England","France","Uruguay"
206,"Croatia","Italy","Netherlands","Uruguay"
207,"Brazil","France","Belgium","Italy"
208,"England","Brazil","Spain","Germany"
209,"Argentina","Brazil","Mexico","England"
210,"Belgium","Croatia","Mexico","Spain"
211,"England","Brazil","France","Colombia"
212,"Belgium","Netherlands","Spain","France"
213,"Germany","Denmark","Senegal","Wales"
214,"Brazil","Spain","Netherlands","Argentina"
215,"Belgium","Portugal","Senegal","Uruguay"
216,"Netherlands","Belgium","Germany","Argentina"
217,"Argentina","Spain","Brazil","Mexico"
218,"Brazil","Argentina","Senegal","Italy"
219,"Belgium","Argentina","Brazil","Senegal"
220,"Italy","Poland","Mexico","Japan"
221,"France","England","Portugal","Croatia"
222,"Netherlands","England","Spain","Argentina"
223,"Brazil","Algeria","Iran","Mexico"
224,"Germany","Switzerland","Spain","Uruguay"
225,"Brazil","Belgium","Germany","Iran"
226,"Brazil","Denmark","Argentina","Spain"
227,"Brazil","Senegal","England","France"
228,"Brazil","Italy","Netherlands","Poland"
229,"Belgium","France","Spain","Netherlands"
230,"Croatia","Italy","Australia","England"
231,"Uruguay","Portugal","Japan","Brazil"
232,"Italy","France","Spain","Chile"
233,"Brazil","Argentina","Portugal","France"
234,"Uruguay","Belgium","England","Spain"
235,"Portugal","Iran","Japan","Italy"
236,"France","Netherlands","England","Colombia"
237,"Italy","Netherlands","Argentina","Uruguay"
238,"Iran","Argentina","Mexico","Chile"
239,"England","Portugal","Croatia","Netherlands"
240,"Argentina","England","Iran","Denmark"
241,"Argentina","Korea Republic","England","Colombia"
242,"Netherlands","Spain","Portugal","Australia"
243,"Argentina","Spain","Uruguay","Korea Republic"
244,"Brazil","Denmark","Argentina","Portugal"
245,"France","Mexico","Tunisia","Switzerland"
246,"France","Belgium","Netherlands","Germany"
247,"France","Uruguay","Belgium","Argentina"
248,"Denmark","Italy","Germany","Spain"
249,"Japan","France","Germany","Wales"
250,"Belgium","Portugal","Japan","Iran"
251,"Portugal","Spain","Australia","France"
252,"Belgium","Uruguay","Italy","Senegal"
253,"Belgium","Germany","Netherlands","Spain"
254,"Korea Republic","Colombia","Portugal","Belgium"
255,"Italy","Morocco","Mexico","England"
256,"France","Italy","Netherlands","Germany"
257,"France","Croatia","Italy","Netherlands"
258,"Uruguay","Spain","Italy","Mexico"
259,"Italy","Spain","Brazil","Japan"
260,"Brazil","England","Germany","Colombia"
261,"Argentina","Qatar","Mexico","Belgium"
262,"Italy","England","Argentina","Australia"
263,"Argentina","Brazil","Belgium","England"
264,"France","England","Japan","Chile"
265,"Portugal","Belgium","Brazil","Croatia"
266,"England","Algeria","Mexico","Portugal"
267,"Netherlands","Brazil","Iran","Switzerland"
268,"Italy","Mexico","Brazil","England"
269,"Spain","Belgium","Netherlands","Portugal"
270,"Brazil","Japan","Spain","France"
271,"Brazil","Italy","Spain","France"
272,"France","Portugal","Belgium","Netherlands"
273,"England","Iran","Brazil","Uruguay"
274,"France","Portugal","Brazil","Japan"
275,"Wales","Chile","Senegal","Korea Republic"
276,"England","Spain","Italy","Korea Republic"
277,"Belgium","Denmark","Spain","Japan"
278,"Belgium","Switzerland","Spain","Iran"
279,"Portugal","Colombia","Netherlands","Morocco"
280,"Italy","Uruguay","Brazil","France"
281,"Spain","Japan","France","Senegal"
282,"Spain","England","Argentina","Japan"
283,"Denmark","Uruguay","England","Germany"
284,"Brazil","Croatia","Wales","Uruguay"
285,"Belgium","Mexico","England","Iran"
286,"France","Iran","Portugal","Spain"
287,"Portugal","Spain","Netherlands","France"
288,"Spain","Chile","Croatia","Australia"
289,"Germany","Spain","Argentina","Switzerland"
290,"Uruguay","Germany","Wales","Iran"
291,"Brazil","United States","Portugal","Croatia"
292,"Netherlands","Colombia","Croatia","Belgium"
293,"Netherlands","Spain","Italy","Argentina"
294,"Germany","Portugal","England","France"
295,"Argentina","Belgium","France","Netherlands"
296,"Belgium","Brazil","Portugal","Spain"
297,"England","Switzerland","Germany","Colombia"
298,"Argentina","England","Belgium","Netherlands"
299,"Belgium","Chile","Australia","Italy"
300,"Portugal","Brazil","Argentina","Uruguay"
301,"Croatia","Senegal","France","Italy"
302,"Brazil","Costa Rica","United States","Iran"
303,"France","Netherlands","England","Uruguay"
304,"Spain","Croatia","Portugal","Germany"
305,"Belgium","Brazil","Iran","United States"
306,"France","Germany","Croatia","Portugal"
307,"France","Belgium","Denmark","Japan"
308,"Croatia","Belgium","Portugal","Colombia"
309,"Brazil","Argentina","Spain","Iran"
310,"England","Spain","Brazil","Tunisia"
311,"England","Mexico","Spain","United States"
312,"Belgium","Brazil","Spain","Algeria"
313,"Netherlands","Italy","Belgium","Portugal"
314,"Belgium","England","Australia","Mexico"
315,"Portugal","Spain","Mexico","Australia"
316,"Mexico","Spain","England","Chile"
317,"England","Colombia","Brazil","Croatia"
318,"Belgium","Algeria","Italy","Germany"
319,"France","Belgium","Portugal","Spain"
320,"Brazil","Chile","Croatia","Denmark"
321,"Argentina","Croatia","Colombia","Senegal"
322,"Belgium","Italy","Argentina","Chile"
323,"Italy","France","Brazil","Germany"
324,"Belgium","Argentina","Germany","Australia"
325,"Belgium","Germany","Portugal","France"
326,"France","Switzerland","Brazil","England"
327,"Argentina","Portugal","Spain","Brazil"
328,"Germany","Belgium","England","Nigeria"
329,"Brazil","Belgium","Netherlands","France"
330,"Poland","Uruguay","Spain","Switzerland"
331,"Uruguay","Brazil","Argentina","Denmark"
332,"France","Mexico","Spain","Denmark"
333,"Italy","Costa Rica","Germany","Croatia"
334,"France","Belgium","Brazil","Qatar"
335,"Germany","Portugal","Belgium","Croatia"
336,"Belgium","Italy","Spain","Mexico"
337,"France","Mexico","Belgium","Algeria"
338,"Belgium","Portugal","Qatar","Algeria"
339,"Spain","Brazil","France","Colombia"
340,"Netherlands","Brazil","Uruguay","Spain"
341,"Brazil","Germany","France","Argentina"
342,"Germany","England","Croatia","Argentina"
343,"Denmark","France","Iran","Netherlands"
344,"Denmark","England","Brazil","Portugal"
345,"France","Korea Republic","Spain","Chile"
346,"Italy","Denmark","Brazil","Spain"
347,"Colombia","Belgium","Uruguay","France"
348,"Brazil","Spain","England","Uruguay"
349,"Italy","England","Brazil","Korea Republic"
350,"France","Switzerland","Brazil","Netherlands"
351,"Argentina","Brazil","England","Spain"
352,"Colombia","Italy","Belgium","Portugal"
353,"Spain","Belgium","Korea Republic","Argentina"
354,"Uruguay","Japan","France","England"
355,"France","Wales","Germany","England"
356,"Brazil","England","Croatia","Germany"
357,"Portugal","Mexico","Brazil","Belgium"
358,"Argentina","Mexico","England","Spain"
359,"Portugal","Spain","Belgium","Italy"
360,"Portugal","Netherlands","Mexico","France"
361,"England","Mexico","Netherlands","Portugal"
362,"Brazil","Korea Republic","Belgium","Colombia"
363,"France","Mexico","Spain","Croatia"
364,"Wales","Colombia","Brazil","Portugal"
365,"Belgium","Brazil","Portugal","United States"
366,"Brazil","Colombia","Argentina","England"
367,"Belgium","France","Colombia","Mexico"
368,"France","Germany","Belgium","Argentina"
369,"Belgium","Germany","England","Italy"
370,"Spain","Argentina","Italy","Poland"
371,"Qatar","United States","France","Germany"
372,"Portugal","Colombia","England","Iran"
373,"Spain","Argentina","Netherlands","Brazil"
374,"Portugal","Netherlands","Colombia","Brazil"
375,"England","Belgium","Spain","France"
376,"Netherlands","Portugal","France","Belgium"
377,"Uruguay","France","Argentina","Poland"
378,"Portugal","Mexico","Brazil","Germany"
379,"Netherlands","Portugal","France","Wales"
380,"France","Brazil","Spain","Germany"
381,"Brazil","France","Mexico","Uruguay"
382,"Belgium","Argentina","Uruguay","Mexico"
383,"Belgium","France","Brazil","Argentina"
384,"Portugal","Uruguay","France","Mexico"
385,"Brazil","Belgium","Switzerland","Mexico"
386,"Mexico","France","England","Netherlands"
387,"Belgium","Portugal","Italy","Spain"
388,"Italy","France","Denmark","Australia"
389,"Switzerland","Nigeria","Argentina","Germany"
390,"Japan","Germany","Argentina","Chile"
391,"Italy","Portugal","Mexico","Wales"
392,"Argentina","Italy","Mexico","Korea Republic"
393,"Argentina","Uruguay","Portugal","Australia"
394,"Belgium","Algeria","Brazil","Mexico"
395,"Wales","Qatar","Belgium","Korea Republic"
396,"Italy","Spain","Germany","Argentina"
397,"Denmark","Belgium","Brazil","Costa Rica"
398,"Italy","Portugal","Germany","Japan"
399,"Belgium","Germany","Italy","Iran"
400,"France","Portugal","Germany","Argentina"
401,"Germany","Argentina","Netherlands","Portugal"
402,"France","England","Nigeria","Poland"
403,"Argentina","Brazil","Netherlands","Mexico"
404,"Uruguay","Belgium","Portugal","Colombia"
405,"Brazil","Denmark","England","Germany"
406,"France","Netherlands","Spain","Brazil"
407,"Brazil","Italy","Argentina","Mexico"
408,"Uruguay","Belgium","England","Italy"
409,"France","Portugal","Spain","Qatar"
410,"Germany","Brazil","Argentina","Japan"
411,"Brazil","Germany","Argentina","France"
412,"Portugal","Mexico","France","Argentina"
413,"Belgium","Colombia","Spain","England"
414,"England","Portugal","Brazil","Germany"
415,"Argentina","Portugal","Brazil","Costa Rica"
416,"Netherlands","Argentina","France","Portugal"
417,"Belgium","Portugal","Denmark","Uruguay"
418,"England","Italy","Belgium","Croatia"
419,"Spain","Colombia","Brazil","Mexico"
420,"Colombia","Netherlands","Italy","Jamaica"
421,"Mexico","Japan","Germany","Portugal"
422,"Belgium","Portugal","Spain","France"
423,"Spain","Belgium","Brazil","Japan"
424,"Argentina","Uruguay","Portugal","Brazil"
425,"Portugal","Australia","Belgium","Denmark"
426,"Argentina","Korea Republic","Poland","Netherlands"
427,"Brazil","Portugal","Belgium","Germany"
428,"Croatia","Nigeria","Denmark","Algeria"
429,"Spain","Colombia","Portugal","Denmark"
430,"Belgium","Germany","Poland","Argentina"
431,"Mexico","Spain","France","Germany"
432,"Spain","Italy","Switzerland","Brazil"
433,"Brazil","Italy","Croatia","Belgium"
434,"Brazil","England","Denmark","Poland"
435,"Spain","Wales","France","Senegal"
436,"Belgium","Colombia","Spain","Brazil"
437,"France","Brazil","Australia","Belgium"
438,"Belgium","Qatar","Argentina","Mexico"
439,"Italy","Germany","Mexico","Spain"
440,"Netherlands","Argentina","Belgium","Spain"
441,"Uruguay","Portugal","France","Netherlands"
442,"Belgium","Brazil","France","Spain"
443,"Belgium","Brazil","Spain","Portugal"
444,"Denmark","Italy","Portugal","Chile"
445,"Uruguay","Belgium","Spain","Argentina"
446,"Brazil","Spain","Netherlands","England"
447,"Brazil","France","Portugal","Denmark"
448,"Spain","Portugal","Wales","Italy"
449,"France","Belgium","Wales","Croatia"
450,"England","Italy","Denmark","Portugal"
451,"United States","Denmark","Belgium","Germany"
452,"Belgium","Brazil","Croatia","Portugal"
453,"France","Mexico","Denmark","Brazil"
454,"Portugal","Brazil","Poland","England"
455,"Japan","Spain","Netherlands","Germany"
456,"Brazil","Portugal","Mexico","England"
457,"Spain","Belgium","England","Senegal"
458,"Belgium","Poland","Argentina","France"
459,"Chile","Spain","England","Belgium"
460,"Netherlands","Croatia","Korea Republic","United States"
461,"Brazil","Netherlands","Denmark","Colombia"
462,"Belgium","Croatia","Denmark","France"
463,"Italy","Belgium","Germany","Argentina"
464,"France","Poland","Spain","Belgium"
465,"Belgium","Netherlands","Chile","France"
466,"Italy","Brazil","Belgium","Mexico"
467,"Argentina","Denmark","Korea Republic","England"
468,"Brazil","Iran","Mexico","Italy"
469,"Brazil","Colombia","Wales","Netherlands"
470,"Brazil","Belgium","Costa Rica","Denmark"
471,"Spain","France","Colombia","Iran"
472,"France","England","Denmark","Switzerland"
473,"Senegal","Chile","Mexico","Spain"
474,"Spain","Denmark","Brazil","Poland"
475,"Iran","France","Croatia","Argentina"
476,"Portugal","Uruguay","Brazil","Spain"
477,"Belgium","Chile","Germany","Netherlands"
478,"Brazil","Netherlands","Italy","Uruguay"
479,"Croatia","Portugal","Italy","Brazil"
480,"Spain","Portugal","Brazil","Korea Republic"
481,"Portugal","Brazil","Spain","Croatia"
482,"Germany","Chile","France","Croatia"
483,"Netherlands","Brazil","Argentina","Poland"
484,"Brazil","Argentina","Morocco","Japan"
485,"France","England","Switzerland","Belgium"
486,"Italy","Argentina","Colombia","Netherlands"
487,"Belgium","Spain","Italy","Argentina"
488,"Netherlands","Italy","France","Chile"
489,"England","Mexico","Uruguay","France"
490,"Brazil","Uruguay","Belgium","Wales"
491,"Italy","Denmark","Netherlands","Uruguay"
492,"Netherlands","Argentina","Croatia","Uruguay"
493,"Mexico","Brazil","Japan","England"
494,"Portugal","Brazil","Spain","Netherlands"
495,"Netherlands","Spain","Belgium","England"
496,"Denmark","Portugal","Argentina","Mexico"
497,"Italy","Japan","Brazil","Qatar"
498,"Italy","Portugal","France","Netherlands"
499,"Netherlands","Uruguay","Denmark","Chile"
500,"France","Argentina","Netherlands","Spain"
501,"Italy","Netherlands","Portugal","Mexico"
502,"France","Denmark","Colombia","Chile"
503,"Brazil","Switzerland","Germany","Spain"
504,"Brazil","Portugal","Belgium","Germany"
505,"Belgium","Brazil","Portugal","Colombia"
506,"Belgium","Argentina","Brazil","England"
507,"Mexico","England","Denmark","Chile"
508,"Spain","Chile","Uruguay","Netherlands"
509,"Italy","Portugal","Spain","Iran"
510,"France","Colombia","Croatia","Portugal"
511,"Spain","France","Italy","Iran"
512,"Mexico","Switzerland","Poland","Brazil"
513,"Brazil","Italy","Germany","Colombia"
514,"Brazil","Germany","Spain","Switzerland"
515,"Belgium","Germany","Netherlands","Colombia"
516,"Denmark","Germany","England","Switzerland"
517,"Spain","Japan","France","Mexico"
518,"Brazil","Japan","Italy","Netherlands"
519,"France","Brazil","Germany","Italy"
520,"Italy","Belgium","Brazil","Portugal"
521,"Netherlands","Argentina","Portugal","France"
522,"France","Chile","Portugal","Argentina"
523,"Brazil","Argentina","France","Korea Republic"
524,"Brazil","Argentina","England","Italy"
525,"Croatia","Uruguay","Brazil","Argentina"
526,"Brazil","Senegal","France","Belgium"
527,"Uruguay","Germany","Brazil","Belgium"
528,"Belgium","Argentina","Netherlands","Brazil"
529,"Belgium","Argentina","Croatia","United States"
530,"Brazil","Wales","France","Germany"
531,"Germany","Brazil","Portugal","Poland"
532,"Belgium","Argentina","France","Spain"
533,"Spain","Belgium","France","Korea Republic"
534,"Italy","Spain","England","Argentina"
535,"England","Netherlands","Brazil","Italy"
536,"France","Germany","Spain","Portugal"
537,"Portugal","England","Belgium","Brazil"
538,"France","Belgium","Netherlands","Spain"
539,"France","Brazil","Italy","Belgium"
540,"Portugal","Netherlands","Italy","Mexico"
541,"Germany","Belgium","Morocco","Australia"
542,"Brazil","France","Switzerland","Spain"
543,"Brazil","Argentina","Portugal","Denmark"
544,"Brazil","Uruguay","Denmark","Germany"
545,"Denmark","Spain","Senegal","Argentina"
546,"Denmark","England","France","Belgium"
547,"Spain","Brazil","Germany","Netherlands"
548,"Uruguay","England","Brazil","Spain"
549,"Brazil","France","Spain","Italy"
550,"France","Croatia","Argentina","Belgium"
551,"France","Belgium","Spain","Wales"
552,"France","Mexico","Belgium","Denmark"
553,"Netherlands","Portugal","Switzerland","Senegal"
554,"Brazil","Mexico","France","United States"
555,"Japan","France","Colombia","Morocco"
556,"Italy","Mexico","Brazil","Netherlands"
557,"Belgium","Denmark","Korea Republic","England"
558,"Portugal","Algeria","Denmark","England"
559,"Spain","Netherlands","Italy","Tunisia"
560,"England","Italy","Brazil","Japan"
561,"Netherlands","Germany","Denmark","Uruguay"
562,"Belgium","Netherlands","France","Uruguay"
563,"Uruguay","Netherlands","Belgium","France"
564,"Brazil","Germany","France","Colombia"
565,"France","Brazil","Iran","Colombia"
566,"Netherlands","Italy","Iran","Poland"
567,"England","Belgium","Argentina","Brazil"
568,"Colombia","Portugal","Netherlands","Argentina"
569,"Portugal","Mexico","Colombia","Brazil"
570,"Belgium","France","Argentina","Croatia"
571,"Brazil","Uruguay","Argentina","Denmark"
572,"Portugal","Spain","Wales","Denmark"
573,"Belgium","Brazil","Chile","France"
574,"Spain","Germany","Brazil","Uruguay"
575,"Spain","England","Belgium","Germany"
576,"France","England","Brazil","Colombia"
577,"Japan","Portugal","France","Brazil"
578,"Uruguay","Spain","Mexico","Argentina"
579,"Uruguay","Senegal","Netherlands","Australia"
580,"Portugal","Mexico","Croatia","Germany"
581,"France","Spain","Argentina","Netherlands"
582,"Brazil","Belgium","Colombia","England"
583,"France","Belgium","Mexico","Portugal"
584,"Spain","Netherlands","Uruguay","Denmark"
585,"Brazil","Italy","Germany","England"
586,"Italy","Spain","Belgium","France"
587,"Belgium","Portugal","Spain","Brazil"
588,"Spain","Belgium","Italy","Qatar"
589,"Belgium","Costa Rica","Tunisia","Argentina"
590,"England","Spain","Argentina","Portugal"
591,"England","Belgium","Korea Republic","Chile"
592,"Croatia","Spain","Qatar","Belgium"
593,"Brazil","Croatia","Uruguay","England"
594,"Brazil","Spain","Italy","Portugal"
595,"Netherlands","Denmark","France","Belgium"
596,"Portugal","Uruguay","Mexico","Spain"
597,"Uruguay","Belgium","Italy","Iran"
598,"Argentina","Germany","Chile","Poland"
599,"Spain","Australia","Portugal","Belgium"
600,"Korea Republic","Italy","Portugal","France"
601,"England","Algeria","Japan","Spain"
602,"Spain","Japan","Mexico","Germany"
603,"Brazil","Belgium","Italy","Uruguay"
604,"Brazil","Germany","England","Argentina"
605,"Brazil","Italy","Portugal","Netherlands"
606,"Chile","Mexico","Argentina","Germany"
607,"Denmark","Argentina","Brazil","France"
608,"Brazil","France","Portugal","Italy"
609,"Brazil","Portugal","Switzerland","Iran"
610,"England","United States","Spain","Netherlands"
611,"Belgium","Poland","France","Brazil"
612,"Brazil","France","Germany","Korea Republic"
613,"Brazil","Belgium","Portugal","Colombia"
614,"Brazil","Portugal","Mexico","Denmark"
615,"Spain","Netherlands","England","Costa Rica"
616,"Portugal","Italy","Poland","Brazil"
617,"Germany","Italy","Brazil","Algeria"
618,"Portugal","Chile","Germany","Spain"
619,"Brazil","United States","Denmark","Iran"
620,"Spain","Germany","Portugal","Algeria"
621,"Argentina","Portugal","Brazil","Spain"
622,"Belgium","France","Mexico","Morocco"
623,"Belgium","Wales","Denmark","England"
624,"Spain","England","Brazil","France"
625,"Italy","Mexico","Chile","England"
626,"Brazil","Iran","Croatia","Colombia"
627,"Brazil","Portugal","Italy","Denmark"
628,"Brazil","Portugal","Spain","Argentina"
629,"Germany","Argentina","Belgium","Portugal"
630,"France","Brazil","England","Belgium"
631,"Brazil","Belgium","France","Uruguay"
632,"England","Italy","Chile","Germany"
633,"France","Italy","Uruguay","Portugal"
634,"Brazil","Portugal","Spain","Netherlands"
635,"Belgium","France","Italy","Portugal"
636,"Uruguay","Denmark","Switzerland","Belgium"
637,"Brazil","Australia","France","Portugal"
638,"Italy","Brazil","Denmark","Argentina"
639,"Belgium","Spain","Portugal","Colombia"
640,"France","Mexico","Belgium","Argentina"
641,"Belgium","England","France","Portugal"
642,"Brazil","Portugal","Switzerland","France"
643,"Portugal","Belgium","Brazil","Wales"
644,"Belgium","Italy","Netherlands","Colombia"
645,"Brazil","Uruguay","Portugal","Australia"
646,"Uruguay","France","Brazil","Germany"
647,"Belgium","Argentina","Poland","Mexico"
648,"France","Uruguay","Denmark","Korea Republic"
649,"Germany","Spain","Argentina","Wales"
650,"France","Uruguay","Brazil","Portugal"
651,"Portugal","France","Italy","Netherlands"
652,"Uruguay","Germany","Brazil","Netherlands"
653,"Spain","Italy","Brazil","France"
654,"Brazil","Belgium","England","Jamaica"
655,"England","United States","Denmark","Italy"
656,"France","Uruguay","Korea Republic","Mexico"
657,"Brazil","Belgium","Portugal","Croatia"
658,"Italy","Belgium","Germany","Algeria"
659,"France","Belgium","Argentina","Senegal"
660,"Brazil","Portugal","Poland","Japan"
661,"Germany","Portugal","Brazil","Italy"
662,"Brazil","Chile","Switzerland","United States"
663,"Mexico","Colombia","Belgium","Poland"
664,"Belgium","Mexico","Brazil","Denmark"
665,"France","Croatia","Qatar","Jamaica"
666,"Brazil","Netherlands","Belgium","Portugal"
667,"Netherlands","Brazil","Italy","Argentina"
668,"France","Netherlands","Argentina","Portugal"
669,"Brazil","Argentina","Belgium","Japan"
670,"Argentina","Senegal","Germany","Belgium"
671,"Portugal","France","Switzerland","Belgium"
672,"England","Spain","Brazil","Morocco"
673,"Germany","Italy","France","Switzerland"
674,"Argentina","Spain","Wales","Colombia"
675,"Germany","England","Netherlands","Wales"
676,"Brazil","Uruguay","England","Italy"
677,"Belgium","Spain","Portugal","Germany"
678,"Brazil","Netherlands","Belgium","Croatia"
679,"Brazil","Uruguay","Switzerland","France"
680,"Portugal","Belgium","Brazil","Japan"
681,"Uruguay","Portugal","England","Brazil"
682,"Brazil","France","Netherlands","Iran"
683,"Belgium","France","Brazil","Wales"
684,"France","Belgium","Iran","Germany"
685,"Mexico","Belgium","France","Croatia"
686,"Mexico","Germany","Belgium","Italy"
687,"Italy","Argentina","Belgium","Netherlands"
688,"Denmark","Colombia","Belgium","Spain"
689,"Brazil","France","Portugal","Iran"
690,"Spain","Portugal","Brazil","Qatar"
691,"Portugal","Brazil","Spain","Mexico"
692,"Spain","Netherlands","Portugal","Denmark"
693,"Brazil","Korea Republic","Argentina","Qatar"
694,"Brazil","Germany","Belgium","Argentina"
695,"Spain","Denmark","France","Croatia"
696,"Brazil","Uruguay","Argentina","Iran"
697,"Portugal","France","Brazil","England"
698,"Uruguay","France","Mexico","Portugal"
699,"Belgium","United States","Colombia","Switzerland"
700,"Argentina","Spain","Italy","Uruguay"
701,"Belgium","France","England","Brazil"
702,"Brazil","Netherlands","Spain","Algeria"
703,"Belgium","Spain","Brazil","Germany"
704,"Belgium","Switzerland","France","England"
705,"Portugal","France","Poland","Denmark"
706,"Argentina","France","Mexico","Brazil"
707,"France","Brazil","Spain","Iran"
708,"Colombia","Spain","Belgium","Uruguay"
709,"Spain","Germany","France","Tunisia"
710,"France","Portugal","Denmark","England"
711,"Belgium","Croatia","Uruguay","Germany"
712,"Uruguay","Belgium","Mexico","Qatar"
713,"Belgium","England","Argentina","Brazil"
714,"Portugal","Brazil","England","Italy"
715,"Belgium","Uruguay","Italy","England"
716,"France","Brazil","Italy","Portugal"
717,"Chile","France","England","Croatia"
718,"England","Senegal","Portugal","Italy"
719,"Spain","England","Portugal","Denmark"
720,"Belgium","Portugal","Algeria","Switzerland"
721,"Japan","United States","Portugal","France"
722,"England","Portugal","Mexico","Belgium"
723,"Belgium","Netherlands","Chile","Argentina"
724,"Netherlands","Portugal","Italy","Colombia"
725,"Italy","Chile","Portugal","Brazil"
726,"Brazil","Argentina","Spain","Croatia"
727,"Switzerland","Netherlands","Belgium","Wales"
728,"France","Belgium","Argentina","Spain"
729,"Spain","Belgium","France","Italy"
730,"Brazil","Netherlands","Spain","Mexico"
731,"France","Spain","Belgium","Italy"
732,"Brazil","Uruguay","Belgium","Japan"
733,"Argentina","Portugal","France","Denmark"
734,"England","Mexico","France","Italy"
735,"France","Switzerland","Belgium","Algeria"
736,"Portugal","France","Italy","Belgium"
737,"France","Netherlands","Denmark","Spain"
738,"Netherlands","Colombia","France","Uruguay"
739,"Netherlands","England","Wales","Korea Republic"
740,"France","Belgium","Uruguay","England"
741,"Uruguay","Nigeria","Belgium","Mexico"
742,"Spain","Belgium","Italy","France"
743,"France","Italy","Germany","United States"
744,"Brazil","France","Algeria","Spain"
745,"Belgium","England","Switzerland","Mexico"
746,"Portugal","Spain","Morocco","Netherlands"
747,"France","Belgium","Colombia","England"
748,"Italy","France","Brazil","Wales"
749,"Mexico","Germany","Italy","Belgium"
750,"England","Switzerland","Japan","Brazil"
751,"Italy","Germany","Belgium","Mexico"
752,"Brazil","Switzerland","Italy","Jamaica"
753,"Brazil","Wales","France","Belgium"
754,"France","Netherlands","Argentina","Poland"
755,"Brazil","Portugal","France","Wales"
756,"Brazil","Germany","Netherlands","Croatia"
757,"Brazil","Belgium","Spain","Netherlands"
758,"Mexico","Brazil","Portugal","Croatia"
759,"Brazil","Belgium","Italy","Spain"
760,"Brazil","Portugal","Argentina","Belgium"
761,"Belgium","Portugal","France","Brazil"
762,"France","Mexico","England","Colombia"
763,"Brazil","Uruguay","Argentina","Germany"
764,"Brazil","Mexico","Italy","Belgium"
765,"Brazil","Germany","France","Netherlands"
766,"Argentina","Spain","Belgium","Brazil"
767,"Netherlands","Brazil","France","Iran"
768,"Brazil","Netherlands","Uruguay","Colombia"
769,"Belgium","Denmark","Iran","Croatia"
770,"France","Portugal","Poland","Nigeria"
771,"Brazil","Netherlands","Spain","Croatia"
772,"Spain","Chile","Portugal","Belgium"
773,"Spain","Denmark","Brazil","Uruguay"
774,"Germany","Brazil","Chile","Denmark"
775,"France","Belgium","Netherlands","Chile"
776,"Italy","Germany","Denmark","Wales"
777,"Italy","Belgium","Netherlands","Germany"
778,"Belgium","Denmark","Colombia","Mexico"
779,"France","Brazil","Belgium","Iran"
780,"France","Germany","Italy","Morocco"
781,"Portugal","Belgium","Mexico","Japan"
782,"Netherlands","France","Switzerland","United States"
783,"Spain","Italy","Uruguay","Colombia"
784,"Netherlands","Korea Republic","Brazil","Algeria"
785,"Argentina","Netherlands","Brazil","Germany"
786,"Spain","Portugal","Argentina","Croatia"
787,"Italy","Germany","Brazil","France"
788,"Brazil","Netherlands","Germany","Japan"
789,"Netherlands","Argentina","Mexico","Japan"
790,"Brazil","Argentina","Uruguay","Iran"
791,"France","Brazil","Croatia","England"
792,"Mexico","Belgium","Portugal","Iran"
793,"France","Brazil","England","Belgium"
794,"Spain","France","Belgium","Argentina"
795,"Argentina","Japan","France","Wales"
796,"Brazil","Korea Republic","Italy","France"
797,"France","Italy","Spain","Brazil"
798,"Germany","Brazil","Argentina","Netherlands"
799,"Belgium","Uruguay","Brazil","Croatia"
800,"Argentina","Korea Republic","Germany","Denmark"
801,"Japan","France","Argentina","Brazil"
802,"Netherlands","Spain","Croatia","Germany"
803,"Argentina","Brazil","Belgium","Portugal"
804,"Spain","France","Colombia","England"
805,"Colombia","Iran","Portugal","Netherlands"
806,"Uruguay","Belgium","Brazil","France"
807,"Brazil","Mexico","Netherlands","Uruguay"
808,"Denmark","Colombia","Germany","Belgium"
809,"Spain","Portugal","Italy","Switzerland"
810,"Netherlands","Belgium","England","Germany"
811,"France","Colombia","Italy","Chile"
812,"Spain","Croatia","Iran","Nigeria"
813,"Switzerland","Brazil","France","Croatia"
814,"Croatia","Brazil","Portugal","Chile"
815,"Portugal","Brazil","Switzerland","Algeria"
816,"Argentina","Spain","England","Belgium"
817,"Portugal","France","Croatia","Mexico"
818,"England","Italy","France","Denmark"
819,"Japan","Brazil","Germany","Mexico"
820,"Germany","Spain","Switzerland","Portugal"
821,"Portugal","Uruguay","Spain","Australia"
822,"Belgium","France","Uruguay","Brazil"
823,"Spain","Mexico","Argentina","Wales"
824,"Argentina","England","Mexico","Italy"
825,"Mexico","Argentina","France","Australia"
826,"Netherlands","Colombia","England","Poland"
827,"England","Denmark","Uruguay","Brazil"
828,"France","Spain","Germany","Morocco"
829,"Argentina","Iran","Spain","Nigeria"
830,"Spain","England","Portugal","Morocco"
831,"Argentina","Uruguay","Spain","Brazil"
832,"Portugal","Brazil","Mexico","Argentina"
833,"Brazil","Spain","Belgium","Colombia"
834,"Brazil","Poland","Netherlands","Colombia"
835,"Germany","Netherlands","Spain","Colombia"
836,"Portugal","Colombia","Denmark","Japan"
837,"Colombia","Wales","Italy","Mexico"
838,"France","Mexico","Uruguay","Belgium"
839,"Portugal","Netherlands","Denmark","Colombia"
840,"Spain","Italy","Mexico","Argentina"
841,"Italy","Portugal","Germany","Croatia"
842,"Brazil","Senegal","Netherlands","Italy"
843,"Brazil","Belgium","Italy","Spain"
844,"Mexico","Germany","Argentina","Denmark"
845,"France","Brazil","Australia","Uruguay"
846,"Netherlands","Iran","Mexico","Portugal"
847,"Brazil","Chile","Spain","United States"
848,"Brazil","Portugal","Germany","Italy"
849,"Spain","Argentina","Belgium","Switzerland"
850,"Italy","France","Portugal","Wales"
851,"Brazil","Argentina","Portugal","France"
852,"Denmark","Italy","France","Brazil"
853,"Belgium","Netherlands","Italy","Switzerland"
854,"Mexico","France","Belgium","Switzerland"
855,"France","England","Colombia","Croatia"
856,"Spain","Belgium","Brazil","Croatia"
857,"Spain","Netherlands","Belgium","Denmark"
858,"France","Colombia","Brazil","Germany"
859,"Belgium","Spain","Switzerland","Uruguay"
860,"France","Netherlands","Croatia","Spain"
861,"Colombia","Argentina","Portugal","Italy"
862,"Brazil","Belgium","France","Colombia"
863,"Portugal","Mexico","Belgium","England"
864,"Mexico","Spain","Switzerland","Brazil"
865,"Italy","Belgium","Brazil","Argentina"
866,"Uruguay","Brazil","Colombia","Argentina"
867,"Brazil","Denmark","Argentina","France"
868,"Brazil","Wales","Portugal","Italy"
869,"Portugal","Algeria","England","Denmark"
870,"Brazil","France","Switzerland","Chile"
871,"Brazil","Croatia","Belgium","Germany"
872,"Colombia","Spain","Netherlands","France"
873,"France","Spain","England","Brazil"
874,"Italy","Brazil","Germany","Mexico"
875,"France","Uruguay","Netherlands","Algeria"
876,"England","Colombia","Denmark","Brazil"
877,"Netherlands","Mexico","Argentina","Belgium"
878,"France","Netherlands","Spain","Chile"
879,"France","Belgium","Netherlands","Argentina"
880,"England","Portugal","Uruguay","Netherlands"
881,"Germany","Argentina","United States","Japan"
882,"Denmark","Brazil","Portugal","Germany"
883,"Netherlands","Brazil","Italy","Portugal"
884,"Uruguay","Belgium","Colombia","Argentina"
885,"Italy","Uruguay","Brazil","Portugal"
886,"Croatia","Uruguay","Belgium","Argentina"
887,"England","Mexico","France","Belgium"
888,"Mexico","Croatia","Belgium","Denmark"
889,"Netherlands","Spain","Portugal","Australia"
890,"Mexico","Spain","England","Germany"
891,"Italy","England","Argentina","France"
892,"Germany","Portugal","Denmark","Belgium"
893,"Netherlands","France","England","Italy"
894,"England","Uruguay","France","Spain"
895,"France","Belgium","Netherlands","Denmark"
896,"Argentina","Spain","Belgium","Portugal"
897,"Brazil","Belgium","Netherlands","Mexico"
898,"Uruguay","Germany","Switzerland","England"
899,"Italy","Brazil","Wales","Belgium"
900,"Senegal","England","Portugal","France"
901,"France","Uruguay","Spain","Belgium"
902,"Portugal","Italy","Nigeria","Croatia"
903,"France","Argentina","Portugal","England"
904,"France","Nigeria","Iran","Wales"
905,"Belgium","Germany","Spain","Netherlands"
906,"Argentina","France","Spain","Denmark"
907,"Colombia","Spain","Brazil","Iran"
908,"Portugal","Netherlands","France","Brazil"
909,"Belgium","Spain","Colombia","Mexico"
910,"Denmark","Brazil","Argentina","Wales"
911,"Brazil","Qatar","Denmark","England"
912,"Netherlands","France","Morocco","Senegal"
913,"Brazil","Belgium","Uruguay","Argentina"
914,"Portugal","Colombia","Switzerland","Denmark"
915,"France","Italy","Brazil","Belgium"
916,"Iran","Brazil","Colombia","Senegal"
917,"Brazil","Germany","Italy","Colombia"
918,"England","France","Brazil","Belgium"
919,"England","Spain","Italy","Portugal"
920,"Croatia","Brazil","France","Italy"
921,"Belgium","Italy","Australia","Chile"
922,"Portugal","Spain","Croatia","Poland"
923,"Iran","Chile","Brazil","Switzerland"
924,"Argentina","Mexico","Spain","Denmark"
925,"Netherlands","Spain","Croatia","Chile"
926,"Argentina","England","Italy","Poland"
927,"Belgium","Brazil","Uruguay","France"
928,"Netherlands","Portugal","Spain","Iran"
929,"Belgium","Italy","Uruguay","Spain"
930,"Brazil","Argentina","Chile","Spain"
931,"England","France","Italy","Croatia"
932,"Brazil","Germany","Switzerland","Spain"
933,"England","France","Italy","Portugal"
934,"Belgium","Brazil","France","Japan"
935,"Brazil","England","France","Korea Republic"
936,"Portugal","Uruguay","Brazil","Spain"
937,"Brazil","Belgium","Uruguay","Netherlands"
938,"Uruguay","Portugal","Netherlands","Spain"
939,"Brazil","Netherlands","Spain","Belgium"
940,"Argentina","Croatia","France","Chile"
941,"Belgium","England","Italy","Argentina"
942,"France","Mexico","Belgium","Switzerland"
943,"Denmark","Spain","England","Mexico"
944,"Croatia","Germany","France","Australia"
945,"Uruguay","Portugal","Denmark","Netherlands"
946,"Netherlands","Portugal","Spain","Italy"
947,"Belgium","Italy","Germany","Spain"
948,"Portugal","Argentina","Mexico","Spain"
949,"Belgium","England","Portugal","Italy"
950,"Mexico","Denmark","Belgium","Chile"
951,"Spain","Croatia","England","France"
952,"Brazil","Italy","Portugal","France"
953,"Netherlands","Brazil","France","Germany"
954,"Italy","Belgium","Wales","Switzerland"
955,"Uruguay","England","Switzerland","Germany"
956,"Italy","France","Japan","Spain"
957,"Portugal","Netherlands","Brazil","Mexico"
958,"Brazil","Spain","Chile","Belgium"
959,"France","Uruguay","Argentina","Denmark"
960,"Portugal","Korea Republic","Brazil","Poland"
961,"France","Denmark","Brazil","Spain"
962,"Brazil","Colombia","England","Portugal"
963,"Denmark","Argentina","Brazil","Uruguay"
964,"Colombia","Germany","Netherlands","Italy"
965,"Belgium","England","Netherlands","France"
966,"Mexico","Portugal","Croatia","Chile"
967,"Spain","Mexico","Brazil","Germany"
968,"France","Italy","Belgium","Germany"
969,"Belgium","Denmark","Netherlands","Mexico"
970,"Brazil","Argentina","Mexico","England"
971,"Italy","Portugal","Brazil","Iran"
972,"Italy","Croatia","Brazil","Germany"
973,"Uruguay","Belgium","Spain","Portugal"
974,"Colombia","Portugal","Germany","Qatar"
975,"Belgium","Iran","Australia","Wales"
976,"Brazil","Japan","France","Portugal"
977,"Netherlands","France","England","Italy"
978,"Netherlands","Uruguay","Portugal","Germany"
979,"Denmark","Belgium","Brazil","Colombia"
980,"Spain","Uruguay","Netherlands","Portugal"
981,"Portugal","Switzerland","Iran","Mexico"
982,"England","Portugal","Brazil","Argentina"
983,"Belgium","Brazil","Switzerland","Croatia"
984,"Netherlands","Argentina","Brazil","Korea Republic"
985,"Netherlands","Uruguay","Algeria","Brazil"
986,"Brazil","Spain","France","Colombia"
987,"Portugal","Italy","Belgium","England"
988,"Argentina","Brazil","Germany","Senegal"
989,"France","Spain","Australia","Croatia"
990,"Portugal","Japan","Chile","Italy"
991,"France","Brazil","Italy","Spain"
992,"Portugal","Belgium","Argentina","Spain"
993,"Brazil","Spain","Netherlands","Denmark"
994,"Brazil","Switzerland","Germany","Portugal"
995,"Uruguay","Portugal","Nigeria","Netherlands"
996,"Australia","France","Mexico","Argentina"
997,"Korea Republic","Belgium","France","England"
998,"Brazil","Italy","Argentina","Croatia"
999,"Spain","Argentina","England","Portugal"
1000,"Netherlands","Switzerland","France","Iran"
