"team","group_team","opp_team","group_opp_team","match_num_third_place","simulation"
"Belgium","2","England","3","1","1"
"Senegal","3","Portugal","3","1","2"
"Mexico","5","Italy","6","1","3"
"Iran","8","Colombia","4","1","4"
"Brazil","7","Belgium","4","1","5"
"Netherlands","5","France","6","1","6"
"Argentina","4","Spain","2","1","7"
"Poland","6","Argentina","3","1","8"
"Germany","3","Chile","5","1","9"
"Belgium","5","Portugal","4","1","10"
"Italy","6","Portugal","3","1","11"
"Spain","5","Italy","8","1","12"
"Argentina","4","Switzerland","1","1","13"
"Belgium","7","Poland","4","1","14"
"England","7","Denmark","1","1","15"
"Argentina","2","Colombia","1","1","16"
"Argentina","2","Mexico","6","1","17"
"Brazil","3","Colombia","6","1","18"
"Netherlands","4","England","8","1","19"
"Belgium","1","England","5","1","20"
"Netherlands","3","France","6","1","21"
"Germany","4","Brazil","7","1","22"
"Brazil","1","Spain","4","1","23"
"Portugal","5","Denmark","4","1","24"
"Mexico","7","Uruguay","4","1","25"
"Colombia","6","Switzerland","5","1","26"
"Germany","7","Portugal","7","1","27"
"Japan","1","Belgium","5","1","28"
"Belgium","8","Germany","5","1","29"
"Qatar","1","Spain","2","1","30"
"Italy","8","Uruguay","3","1","31"
"Colombia","6","Argentina","1","1","32"
"Portugal","7","Spain","7","1","33"
"Denmark","8","Brazil","6","1","34"
"Netherlands","8","France","7","1","35"
"Italy","1","France","2","1","36"
"England","2","Belgium","5","1","37"
"Chile","4","Portugal","1","1","38"
"Netherlands","7","Brazil","7","1","39"
"Spain","4","Belgium","1","1","40"
"Colombia","4","France","1","1","41"
"France","6","Italy","1","1","42"
"Brazil","2","England","6","1","43"
"Netherlands","4","Brazil","1","1","44"
"Argentina","6","Korea Republic","3","1","45"
"France","2","Portugal","6","1","46"
"Argentina","3","Netherlands","8","1","47"
"Japan","3","Croatia","6","1","48"
"Senegal","1","Colombia","6","1","49"
"Chile","8","Italy","6","1","50"
"Denmark","7","Italy","7","1","51"
"Spain","8","Belgium","1","1","52"
"Belgium","6","Portugal","8","1","53"
"Denmark","6","France","8","1","54"
"Belgium","6","Colombia","7","1","55"
"Mexico","1","Brazil","7","1","56"
"Spain","4","Mexico","4","1","57"
"Brazil","4","Algeria","1","1","58"
"Denmark","7","Spain","3","1","59"
"Colombia","4","Mexico","5","1","60"
"Belgium","6","Uruguay","8","1","61"
"Germany","7","Brazil","7","1","62"
"Chile","3","France","5","1","63"
"Uruguay","3","Brazil","4","1","64"
"Chile","1","Denmark","5","1","65"
"Japan","2","Wales","1","1","66"
"Belgium","5","Denmark","3","1","67"
"Nigeria","6","Colombia","5","1","68"
"Colombia","4","France","2","1","69"
"Colombia","2","Italy","1","1","70"
"Australia","3","Brazil","6","1","71"
"France","1","Argentina","8","1","72"
"Poland","7","Belgium","1","1","73"
"Uruguay","8","Mexico","3","1","74"
"Mexico","6","England","1","1","75"
"Denmark","6","Belgium","4","1","76"
"Croatia","5","Morocco","4","1","77"
"Portugal","5","Italy","6","1","78"
"Denmark","6","Germany","4","1","79"
"Denmark","6","France","6","1","80"
"Germany","3","Switzerland","5","1","81"
"Germany","3","Belgium","3","1","82"
"Japan","8","Chile","1","1","83"
"Germany","3","Colombia","8","1","84"
"Germany","2","Portugal","1","1","85"
"Portugal","4","Uruguay","2","1","86"
"Belgium","2","Tunisia","1","1","87"
"Spain","5","Mexico","2","1","88"
"Mexico","3","Uruguay","1","1","89"
"Italy","8","Poland","2","1","90"
"Qatar","4","France","1","1","91"
"Portugal","6","Argentina","5","1","92"
"Netherlands","3","Argentina","5","1","93"
"Senegal","5","Italy","5","1","94"
"Colombia","3","Italy","7","1","95"
"Mexico","2","Argentina","1","1","96"
"Iran","6","Belgium","6","1","97"
"Italy","7","Denmark","7","1","98"
"Wales","3","Netherlands","6","1","99"
"Netherlands","8","France","6","1","100"
"Netherlands","6","Uruguay","8","1","101"
"France","8","Argentina","6","1","102"
"Belgium","1","Spain","6","1","103"
"Denmark","4","Belgium","1","1","104"
"Denmark","8","Netherlands","5","1","105"
"England","4","Brazil","8","1","106"
"Argentina","5","Qatar","4","1","107"
"Croatia","4","France","5","1","108"
"France","8","England","6","1","109"
"Brazil","2","Switzerland","1","1","110"
"Croatia","4","England","3","1","111"
"Portugal","5","Mexico","8","1","112"
"Germany","1","Brazil","1","1","113"
"France","3","Portugal","6","1","114"
"England","7","Croatia","5","1","115"
"Uruguay","1","Germany","2","1","116"
"Italy","4","England","4","1","117"
"Qatar","1","Chile","6","1","118"
"Denmark","6","Italy","3","1","119"
"France","2","Korea Republic","6","1","120"
"Poland","1","Mexico","3","1","121"
"Denmark","7","Mexico","6","1","122"
"Croatia","7","Portugal","1","1","123"
"England","6","Mexico","1","1","124"
"Mexico","2","Belgium","4","1","125"
"Spain","6","Brazil","8","1","126"
"Italy","4","Argentina","6","1","127"
"Germany","3","Denmark","3","1","128"
"France","1","Brazil","3","1","129"
"Netherlands","5","Italy","6","1","130"
"Switzerland","8","Spain","2","1","131"
"Croatia","8","Portugal","8","1","132"
"Brazil","1","Spain","8","1","133"
"Croatia","6","Argentina","3","1","134"
"Netherlands","3","Spain","5","1","135"
"Germany","1","Spain","2","1","136"
"United States","4","France","1","1","137"
"Japan","6","England","1","1","138"
"Brazil","5","Mexico","6","1","139"
"Qatar","1","Denmark","8","1","140"
"Colombia","8","Croatia","1","1","141"
"Spain","2","Italy","1","1","142"
"Poland","2","Spain","7","1","143"
"Japan","6","Italy","4","1","144"
"Mexico","7","Spain","7","1","145"
"Denmark","8","Iran","6","1","146"
"Italy","3","Croatia","6","1","147"
"Italy","2","Denmark","3","1","148"
"Uruguay","1","Brazil","8","1","149"
"Portugal","5","Belgium","8","1","150"
"Netherlands","1","Mexico","1","1","151"
"Chile","2","Portugal","6","1","152"
"Uruguay","1","Portugal","2","1","153"
"Netherlands","8","Italy","8","1","154"
"Switzerland","2","Germany","7","1","155"
"Denmark","4","Belgium","4","1","156"
"Italy","5","Portugal","2","1","157"
"Denmark","2","France","2","1","158"
"France","1","Colombia","4","1","159"
"Portugal","7","Argentina","1","1","160"
"Switzerland","1","Brazil","2","1","161"
"Korea Republic","3","Iran","4","1","162"
"Colombia","8","Belgium","7","1","163"
"Belgium","1","Uruguay","7","1","164"
"Korea Republic","7","Germany","8","1","165"
"Denmark","5","Brazil","3","1","166"
"Uruguay","4","Denmark","1","1","167"
"Brazil","6","Australia","1","1","168"
"Iran","5","Denmark","6","1","169"
"Spain","6","Germany","2","1","170"
"Argentina","1","France","8","1","171"
"France","1","Colombia","3","1","172"
"Mexico","4","Senegal","3","1","173"
"Italy","6","England","4","1","174"
"Wales","6","Croatia","7","1","175"
"Brazil","5","Spain","8","1","176"
"Belgium","1","Netherlands","3","1","177"
"Spain","1","Morocco","8","1","178"
"Algeria","1","Uruguay","4","1","179"
"Croatia","6","Germany","3","1","180"
"Germany","1","Mexico","1","1","181"
"England","2","France","6","1","182"
"Uruguay","4","Germany","4","1","183"
"Netherlands","6","Korea Republic","3","1","184"
"Netherlands","4","Portugal","8","1","185"
"Spain","5","Croatia","1","1","186"
"England","8","France","6","1","187"
"Belgium","1","Croatia","3","1","188"
"Argentina","3","France","8","1","189"
"Uruguay","5","Argentina","5","1","190"
"Mexico","6","Croatia","1","1","191"
"Colombia","3","Croatia","3","1","192"
"Belgium","3","Italy","2","1","193"
"Croatia","6","United States","4","1","194"
"France","1","Mexico","6","1","195"
"Argentina","5","Portugal","2","1","196"
"Germany","1","Netherlands","7","1","197"
"Senegal","1","Portugal","7","1","198"
"Spain","8","Mexico","5","1","199"
"Mexico","4","Spain","2","1","200"
"Iran","5","Germany","4","1","201"
"Brazil","3","Italy","7","1","202"
"Spain","2","Uruguay","2","1","203"
"France","5","Croatia","8","1","204"
"Uruguay","6","France","4","1","205"
"Netherlands","5","Uruguay","4","1","206"
"Italy","1","Belgium","4","1","207"
"Germany","7","Spain","5","1","208"
"England","8","Mexico","3","1","209"
"Spain","6","Mexico","1","1","210"
"France","2","Colombia","7","1","211"
"Spain","1","France","6","1","212"
"Senegal","7","Wales","2","1","213"
"Netherlands","5","Argentina","6","1","214"
"Senegal","3","Uruguay","5","1","215"
"Germany","3","Argentina","6","1","216"
"Brazil","8","Mexico","7","1","217"
"Senegal","4","Italy","8","1","218"
"Senegal","2","Brazil","3","1","219"
"Japan","1","Mexico","5","1","220"
"Portugal","8","Croatia","8","1","221"
"Argentina","8","Spain","6","1","222"
"Mexico","8","Iran","7","1","223"
"Spain","8","Uruguay","5","1","224"
"Iran","2","Germany","5","1","225"
"Spain","8","Argentina","7","1","226"
"France","1","England","2","1","227"
"Poland","4","Netherlands","1","1","228"
"Netherlands","7","Spain","6","1","229"
"England","2","Australia","1","1","230"
"Brazil","1","Japan","3","1","231"
"Chile","4","Spain","4","1","232"
"Portugal","8","France","7","1","233"
"England","2","Spain","7","1","234"
"Italy","1","Japan","2","1","235"
"Colombia","5","England","1","1","236"
"Argentina","5","Uruguay","7","1","237"
"Chile","6","Mexico","1","1","238"
"Netherlands","4","Croatia","3","1","239"
"Iran","1","Denmark","4","1","240"
"Colombia","6","England","1","1","241"
"Portugal","2","Australia","1","1","242"
"Uruguay","1","Korea Republic","5","1","243"
"Portugal","6","Argentina","1","1","244"
"Tunisia","6","Switzerland","3","1","245"
"Germany","7","Netherlands","6","1","246"
"Belgium","2","Argentina","4","1","247"
"Spain","7","Germany","2","1","248"
"Germany","6","Wales","5","1","249"
"Japan","1","Iran","8","1","250"
"Australia","7","France","4","1","251"
"Senegal","7","Italy","2","1","252"
"Netherlands","1","Spain","8","1","253"
"Portugal","8","Belgium","8","1","254"
"Mexico","1","England","8","1","255"
"Germany","8","Netherlands","1","1","256"
"Netherlands","4","Italy","1","1","257"
"Mexico","5","Italy","4","1","258"
"Brazil","8","Japan","2","1","259"
"Germany","2","Colombia","5","1","260"
"Mexico","1","Belgium","1","1","261"
"Argentina","6","Australia","5","1","262"
"England","7","Belgium","4","1","263"
"Chile","1","Japan","3","1","264"
"Croatia","3","Brazil","4","1","265"
"Mexico","1","Portugal","7","1","266"
"Iran","3","Switzerland","6","1","267"
"England","6","Brazil","2","1","268"
"Netherlands","1","Portugal","5","1","269"
"Spain","8","France","5","1","270"
"Spain","2","France","8","1","271"
"Netherlands","6","Belgium","1","1","272"
"Uruguay","5","Brazil","8","1","273"
"Japan","5","Brazil","8","1","274"
"Korea Republic","4","Senegal","2","1","275"
"Italy","2","Korea Republic","5","1","276"
"Spain","2","Japan","3","1","277"
"Iran","8","Spain","4","1","278"
"Netherlands","6","Morocco","2","1","279"
"France","1","Brazil","4","1","280"
"Senegal","4","France","2","1","281"
"Argentina","5","Japan","1","1","282"
"England","3","Germany","2","1","283"
"Uruguay","3","Wales","1","1","284"
"England","2","Iran","7","1","285"
"Spain","7","Portugal","7","1","286"
"France","3","Netherlands","7","1","287"
"Australia","1","Croatia","2","1","288"
"Switzerland","5","Argentina","6","1","289"
"Iran","6","Wales","5","1","290"
"Portugal","3","Croatia","2","1","291"
"Belgium","6","Croatia","4","1","292"
"Italy","1","Argentina","5","1","293"
"England","6","France","4","1","294"
"Netherlands","2","France","2","1","295"
"Portugal","6","Spain","4","1","296"
"Germany","1","Colombia","2","1","297"
"Netherlands","2","Belgium","6","1","298"
"Australia","6","Italy","2","1","299"
"Argentina","1","Uruguay","1","1","300"
"France","8","Italy","4","1","301"
"United States","1","Iran","1","1","302"
"England","7","Uruguay","4","1","303"
"Portugal","5","Germany","7","1","304"
"United States","3","Iran","8","1","305"
"Portugal","4","Croatia","4","1","306"
"Japan","5","Denmark","1","1","307"
"Portugal","3","Colombia","7","1","308"
"Iran","2","Spain","1","1","309"
"Brazil","1","Tunisia","5","1","310"
"Spain","6","United States","2","1","311"
"Algeria","1","Spain","5","1","312"
"Belgium","5","Portugal","6","1","313"
"Mexico","7","Australia","7","1","314"
"Mexico","2","Australia","8","1","315"
"Chile","1","England","5","1","316"
"Brazil","4","Croatia","5","1","317"
"Italy","2","Germany","6","1","318"
"Spain","6","Portugal","3","1","319"
"Denmark","6","Croatia","4","1","320"
"Senegal","1","Colombia","4","1","321"
"Argentina","6","Chile","6","1","322"
"Germany","7","Brazil","4","1","323"
"Australia","6","Germany","2","1","324"
"Portugal","3","France","6","1","325"
"England","1","Brazil","7","1","326"
"Spain","3","Brazil","2","1","327"
"England","4","Nigeria","5","1","328"
"Netherlands","2","France","1","1","329"
"Spain","6","Switzerland","6","1","330"
"Denmark","4","Argentina","8","1","331"
"Denmark","5","Spain","4","1","332"
"Croatia","1","Germany","7","1","333"
"Brazil","3","Qatar","2","1","334"
"Croatia","3","Belgium","4","1","335"
"Mexico","1","Spain","2","1","336"
"Belgium","2","Algeria","8","1","337"
"Qatar","3","Algeria","7","1","338"
"Colombia","7","France","1","1","339"
"Uruguay","1","Spain","7","1","340"
"France","4","Argentina","5","1","341"
"Argentina","4","Croatia","5","1","342"
"Iran","1","Netherlands","7","1","343"
"Brazil","2","Portugal","1","1","344"
"Chile","6","Spain","3","1","345"
"Brazil","4","Spain","3","1","346"
"Uruguay","8","France","1","1","347"
"Uruguay","1","England","7","1","348"
"Korea Republic","1","Brazil","2","1","349"
"Netherlands","1","Brazil","7","1","350"
"England","4","Spain","5","1","351"
"Belgium","1","Portugal","3","1","352"
"Argentina","3","Korea Republic","5","1","353"
"France","1","England","5","1","354"
"England","1","Germany","8","1","355"
"Germany","4","Croatia","4","1","356"
"Belgium","5","Brazil","3","1","357"
"England","5","Spain","4","1","358"
"Italy","4","Belgium","2","1","359"
"France","7","Mexico","1","1","360"
"Netherlands","3","Portugal","4","1","361"
"Colombia","4","Belgium","1","1","362"
"Croatia","1","Spain","8","1","363"
"Portugal","1","Brazil","8","1","364"
"Portugal","5","United States","4","1","365"
"England","6","Argentina","1","1","366"
"Colombia","2","Mexico","8","1","367"
"Belgium","7","Argentina","5","1","368"
"Italy","3","England","1","1","369"
"Italy","6","Poland","8","1","370"
"France","8","Germany","1","1","371"
"Iran","7","England","4","1","372"
"Brazil","1","Netherlands","2","1","373"
"Colombia","5","Brazil","8","1","374"
"Spain","2","France","4","1","375"
"France","4","Belgium","6","1","376"
"Argentina","4","Poland","6","1","377"
"Germany","1","Brazil","7","1","378"
"Wales","4","France","1","1","379"
"Germany","2","Spain","8","1","380"
"Uruguay","8","Mexico","7","1","381"
"Mexico","4","Uruguay","2","1","382"
"Brazil","2","Argentina","3","1","383"
"France","3","Mexico","7","1","384"
"Switzerland","4","Mexico","3","1","385"
"Netherlands","5","England","6","1","386"
"Italy","1","Spain","8","1","387"
"Australia","8","Denmark","8","1","388"
"Germany","7","Argentina","1","1","389"
"Chile","3","Argentina","1","1","390"
"Mexico","7","Wales","3","1","391"
"Korea Republic","1","Mexico","1","1","392"
"Portugal","6","Australia","4","1","393"
"Brazil","8","Mexico","8","1","394"
"Korea Republic","4","Belgium","5","1","395"
"Germany","6","Argentina","4","1","396"
"Brazil","3","Costa Rica","5","1","397"
"Japan","8","Germany","4","1","398"
"Iran","7","Italy","6","1","399"
"Germany","8","Argentina","2","1","400"
"Portugal","1","Netherlands","4","1","401"
"Poland","2","Nigeria","7","1","402"
"Netherlands","1","Mexico","5","1","403"
"Colombia","1","Portugal","7","1","404"
"England","5","Germany","6","1","405"
"Brazil","8","Spain","2","1","406"
"Mexico","6","Argentina","6","1","407"
"Italy","5","England","3","1","408"
"Spain","8","Qatar","1","1","409"
"Japan","5","Argentina","5","1","410"
"France","5","Argentina","6","1","411"
"Argentina","4","France","1","1","412"
"England","4","Spain","3","1","413"
"Germany","2","Brazil","5","1","414"
"Costa Rica","7","Brazil","7","1","415"
"France","2","Portugal","1","1","416"
"Denmark","8","Uruguay","8","1","417"
"Croatia","6","Belgium","2","1","418"
"Mexico","8","Brazil","5","1","419"
"Italy","7","Jamaica","6","1","420"
"Portugal","1","Germany","7","1","421"
"France","1","Spain","6","1","422"
"Brazil","6","Japan","6","1","423"
"Portugal","7","Brazil","4","1","424"
"Belgium","7","Denmark","4","1","425"
"Poland","1","Netherlands","5","1","426"
"Germany","7","Belgium","2","1","427"
"Denmark","8","Algeria","6","1","428"
"Portugal","5","Denmark","5","1","429"
"Argentina","6","Poland","1","1","430"
"Germany","2","France","3","1","431"
"Brazil","7","Switzerland","5","1","432"
"Belgium","3","Croatia","7","1","433"
"Poland","6","Denmark","2","1","434"
"Senegal","6","France","8","1","435"
"Brazil","2","Spain","8","1","436"
"Belgium","4","Australia","4","1","437"
"Argentina","1","Mexico","1","1","438"
"Mexico","6","Spain","6","1","439"
"Spain","5","Belgium","1","1","440"
"France","1","Netherlands","4","1","441"
"Spain","2","France","1","1","442"
"Portugal","4","Spain","3","1","443"
"Chile","7","Portugal","1","1","444"
"Argentina","8","Spain","7","1","445"
"Netherlands","1","England","4","1","446"
"Denmark","6","Portugal","7","1","447"
"Wales","1","Italy","6","1","448"
"Croatia","3","Wales","3","1","449"
"Denmark","3","Portugal","1","1","450"
"Belgium","8","Germany","5","1","451"
"Croatia","7","Portugal","5","1","452"
"Denmark","8","Brazil","6","1","453"
"Poland","8","England","4","1","454"
"Germany","3","Netherlands","1","1","455"
"Mexico","1","England","8","1","456"
"England","1","Senegal","8","1","457"
"France","2","Argentina","3","1","458"
"Belgium","6","England","4","1","459"
"United States","6","Korea Republic","1","1","460"
"Denmark","1","Colombia","5","1","461"
"France","6","Denmark","1","1","462"
"Germany","3","Argentina","6","1","463"
"Spain","4","Belgium","1","1","464"
"Chile","1","France","8","1","465"
"Belgium","8","Mexico","1","1","466"
"Korea Republic","5","England","3","1","467"
"Mexico","2","Italy","6","1","468"
"Wales","6","Netherlands","4","1","469"
"Costa Rica","3","Denmark","6","1","470"
"Iran","7","Colombia","8","1","471"
"Switzerland","1","Denmark","3","1","472"
"Spain","5","Mexico","4","1","473"
"Brazil","4","Poland","3","1","474"
"Croatia","3","Argentina","2","1","475"
"Spain","3","Brazil","7","1","476"
"Germany","7","Netherlands","1","1","477"
"Italy","6","Uruguay","5","1","478"
"Italy","1","Brazil","8","1","479"
"Korea Republic","5","Brazil","8","1","480"
"Croatia","5","Spain","2","1","481"
"Croatia","5","France","7","1","482"
"Argentina","5","Poland","7","1","483"
"Morocco","2","Japan","5","1","484"
"Switzerland","2","Belgium","5","1","485"
"Netherlands","5","Colombia","4","1","486"
"Italy","6","Argentina","8","1","487"
"France","5","Chile","6","1","488"
"Uruguay","2","France","5","1","489"
"Wales","7","Belgium","5","1","490"
"Uruguay","1","Netherlands","3","1","491"
"Uruguay","8","Croatia","7","1","492"
"Japan","7","England","8","1","493"
"Spain","3","Netherlands","6","1","494"
"England","8","Belgium","6","1","495"
"Argentina","8","Mexico","2","1","496"
"Brazil","5","Qatar","3","1","497"
"France","6","Netherlands","7","1","498"
"Chile","3","Denmark","1","1","499"
"Netherlands","8","Spain","2","1","500"
"Mexico","7","Portugal","7","1","501"
"Colombia","2","Chile","6","1","502"
"Spain","2","Germany","5","1","503"
"Belgium","7","Germany","5","1","504"
"Colombia","7","Portugal","3","1","505"
"England","1","Brazil","1","1","506"
"Denmark","2","Chile","5","1","507"
"Uruguay","8","Netherlands","6","1","508"
"Spain","7","Iran","6","1","509"
"Croatia","1","Portugal","8","1","510"
"Italy","2","Iran","6","1","511"
"Poland","3","Brazil","3","1","512"
"Colombia","1","Germany","3","1","513"
"Spain","2","Switzerland","2","1","514"
"Colombia","1","Netherlands","2","1","515"
"England","8","Switzerland","6","1","516"
"France","6","Mexico","3","1","517"
"Netherlands","1","Italy","7","1","518"
"Germany","4","Italy","8","1","519"
"Brazil","1","Portugal","7","1","520"
"France","3","Portugal","5","1","521"
"Portugal","5","Argentina","3","1","522"
"France","5","Korea Republic","5","1","523"
"England","4","Italy","1","1","524"
"Argentina","6","Brazil","3","1","525"
"France","2","Belgium","5","1","526"
"Belgium","6","Brazil","3","1","527"
"Brazil","8","Netherlands","5","1","528"
"Croatia","3","United States","1","1","529"
"France","1","Germany","1","1","530"
"Poland","8","Portugal","6","1","531"
"Spain","3","France","5","1","532"
"Korea Republic","4","France","4","1","533"
"Argentina","4","England","8","1","534"
"Italy","6","Brazil","8","1","535"
"Spain","1","Portugal","1","1","536"
"Brazil","1","Belgium","6","1","537"
"Netherlands","6","Spain","4","1","538"
"Belgium","2","Italy","4","1","539"
"Italy","3","Mexico","5","1","540"
"Australia","1","Morocco","3","1","541"
"Spain","5","Switzerland","4","1","542"
"Denmark","8","Portugal","1","1","543"
"Germany","6","Denmark","4","1","544"
"Argentina","1","Senegal","2","1","545"
"France","1","Belgium","8","1","546"
"Netherlands","7","Germany","8","1","547"
"Brazil","6","Spain","1","1","548"
"Spain","6","Italy","5","1","549"
"Belgium","1","Argentina","7","1","550"
"Spain","8","Wales","1","1","551"
"Belgium","3","Denmark","7","1","552"
"Senegal","6","Switzerland","6","1","553"
"France","2","United States","3","1","554"
"Morocco","3","Colombia","4","1","555"
"Brazil","8","Netherlands","1","1","556"
"England","2","Korea Republic","4","1","557"
"Denmark","4","England","4","1","558"
"Tunisia","2","Italy","4","1","559"
"Japan","2","Brazil","8","1","560"
"Uruguay","1","Denmark","1","1","561"
"Uruguay","1","France","2","1","562"
"Belgium","5","France","4","1","563"
"Colombia","8","France","8","1","564"
"Iran","7","Colombia","2","1","565"
"Poland","4","Iran","8","1","566"
"Brazil","6","Argentina","2","1","567"
"Netherlands","1","Argentina","6","1","568"
"Brazil","6","Colombia","2","1","569"
"Croatia","4","Argentina","5","1","570"
"Denmark","2","Argentina","5","1","571"
"Wales","4","Denmark","7","1","572"
"France","3","Chile","6","1","573"
"Uruguay","5","Brazil","5","1","574"
"Germany","3","Belgium","1","1","575"
"Brazil","5","Colombia","3","1","576"
"France","1","Brazil","3","1","577"
"Mexico","7","Argentina","3","1","578"
"Netherlands","1","Australia","1","1","579"
"Germany","3","Croatia","1","1","580"
"Netherlands","1","Argentina","1","1","581"
"England","4","Colombia","1","1","582"
"Portugal","6","Mexico","1","1","583"
"Denmark","5","Uruguay","8","1","584"
"Germany","5","England","6","1","585"
"Belgium","8","France","7","1","586"
"Brazil","5","Spain","1","1","587"
"Italy","6","Qatar","2","1","588"
"Tunisia","4","Argentina","7","1","589"
"Argentina","8","Portugal","4","1","590"
"Chile","3","Korea Republic","1","1","591"
"Belgium","7","Qatar","1","1","592"
"Uruguay","2","England","4","1","593"
"Portugal","7","Italy","7","1","594"
"Belgium","1","France","1","1","595"
"Spain","6","Mexico","4","1","596"
"Italy","2","Iran","6","1","597"
"Chile","8","Poland","3","1","598"
"Portugal","6","Belgium","2","1","599"
"France","1","Portugal","6","1","600"
"Japan","4","Spain","3","1","601"
"Mexico","5","Germany","5","1","602"
"Uruguay","6","Italy","8","1","603"
"England","1","Argentina","4","1","604"
"Netherlands","8","Portugal","5","1","605"
"Germany","7","Argentina","8","1","606"
"France","8","Brazil","8","1","607"
"Portugal","5","Italy","2","1","608"
"Iran","7","Switzerland","6","1","609"
"Spain","5","Netherlands","5","1","610"
"France","3","Brazil","7","1","611"
"Germany","3","Korea Republic","6","1","612"
"Colombia","7","Portugal","5","1","613"
"Denmark","6","Mexico","7","1","614"
"England","6","Costa Rica","8","1","615"
"Brazil","1","Poland","4","1","616"
"Algeria","2","Brazil","1","1","617"
"Spain","6","Germany","7","1","618"
"Iran","1","Denmark","3","1","619"
"Algeria","6","Portugal","6","1","620"
"Spain","4","Brazil","7","1","621"
"Morocco","6","Mexico","3","1","622"
"England","2","Denmark","8","1","623"
"France","4","Brazil","7","1","624"
"Chile","4","England","7","1","625"
"Colombia","2","Croatia","6","1","626"
"Denmark","5","Italy","8","1","627"
"Argentina","2","Spain","4","1","628"
"Portugal","7","Belgium","8","1","629"
"England","1","Belgium","2","1","630"
"Uruguay","8","France","8","1","631"
"Germany","4","Chile","5","1","632"
"Portugal","3","Uruguay","3","1","633"
"Spain","4","Netherlands","3","1","634"
"Italy","1","Portugal","4","1","635"
"Belgium","8","Switzerland","4","1","636"
"Portugal","3","France","1","1","637"
"Denmark","7","Argentina","3","1","638"
"Colombia","8","Portugal","3","1","639"
"Belgium","7","Argentina","6","1","640"
"France","4","Portugal","4","1","641"
"Switzerland","2","France","2","1","642"
"Brazil","4","Wales","4","1","643"
"Netherlands","4","Colombia","8","1","644"
"Portugal","4","Australia","7","1","645"
"Brazil","6","Germany","5","1","646"
"Mexico","4","Poland","1","1","647"
"Denmark","6","Korea Republic","6","1","648"
"Argentina","8","Wales","1","1","649"
"Portugal","6","Brazil","3","1","650"
"Netherlands","6","Italy","6","1","651"
"Brazil","7","Netherlands","5","1","652"
"Brazil","8","France","8","1","653"
"England","5","Jamaica","3","1","654"
"Denmark","3","Italy","8","1","655"
"Korea Republic","4","Mexico","7","1","656"
"Croatia","5","Portugal","3","1","657"
"Germany","5","Algeria","7","1","658"
"Argentina","2","Senegal","6","1","659"
"Japan","4","Poland","6","1","660"
"Brazil","3","Italy","1","1","661"
"United States","1","Switzerland","3","1","662"
"Poland","5","Belgium","1","1","663"
"Denmark","3","Brazil","3","1","664"
"Jamaica","7","Qatar","1","1","665"
"Belgium","7","Portugal","7","1","666"
"Argentina","1","Italy","6","1","667"
"Portugal","6","Argentina","3","1","668"
"Belgium","6","Japan","2","1","669"
"Germany","6","Belgium","2","1","670"
"Belgium","3","Switzerland","2","1","671"
"Brazil","6","Morocco","2","1","672"
"Switzerland","1","France","8","1","673"
"Wales","1","Colombia","7","1","674"
"Wales","6","Netherlands","6","1","675"
"Italy","4","England","6","1","676"
"Portugal","8","Germany","8","1","677"
"Croatia","4","Belgium","5","1","678"
"Switzerland","8","France","2","1","679"
"Brazil","3","Japan","3","1","680"
"Brazil","8","England","7","1","681"
"Iran","2","Netherlands","6","1","682"
"Wales","1","Brazil","7","1","683"
"Iran","4","Germany","6","1","684"
"France","5","Croatia","3","1","685"
"Italy","6","Belgium","3","1","686"
"Netherlands","5","Belgium","3","1","687"
"Belgium","4","Spain","1","1","688"
"Iran","3","Portugal","7","1","689"
"Brazil","5","Qatar","1","1","690"
"Spain","6","Mexico","5","1","691"
"Denmark","6","Portugal","1","1","692"
"Argentina","8","Qatar","2","1","693"
"Argentina","7","Belgium","6","1","694"
"France","3","Croatia","7","1","695"
"Iran","1","Argentina","7","1","696"
"Brazil","2","England","2","1","697"
"Portugal","7","Mexico","5","1","698"
"Switzerland","2","Colombia","8","1","699"
"Uruguay","2","Italy","2","1","700"
"England","7","Brazil","2","1","701"
"Algeria","6","Spain","1","1","702"
"Germany","2","Brazil","5","1","703"
"England","4","France","3","1","704"
"Poland","8","Denmark","8","1","705"
"Mexico","2","Brazil","2","1","706"
"Spain","5","Iran","3","1","707"
"Uruguay","8","Belgium","8","1","708"
"Tunisia","6","France","2","1","709"
"England","8","Denmark","5","1","710"
"Germany","3","Uruguay","6","1","711"
"Mexico","1","Qatar","1","1","712"
"Brazil","1","Argentina","4","1","713"
"Italy","4","England","6","1","714"
"England","2","Italy","7","1","715"
"Italy","3","Portugal","7","1","716"
"England","6","Croatia","1","1","717"
"Portugal","8","Italy","3","1","718"
"Portugal","6","Denmark","8","1","719"
"Switzerland","2","Algeria","8","1","720"
"France","2","Portugal","4","1","721"
"Mexico","5","Belgium","5","1","722"
"Argentina","6","Chile","6","1","723"
"Italy","1","Colombia","1","1","724"
"Portugal","5","Brazil","1","1","725"
"Croatia","8","Spain","6","1","726"
"Wales","6","Belgium","1","1","727"
"Argentina","2","Spain","4","1","728"
"Italy","5","France","3","1","729"
"Mexico","6","Spain","6","1","730"
"Belgium","8","Italy","3","1","731"
"Belgium","2","Japan","8","1","732"
"Denmark","8","France","7","1","733"
"Italy","8","France","3","1","734"
"Belgium","3","Algeria","8","1","735"
"Italy","6","Belgium","2","1","736"
"Spain","2","Denmark","6","1","737"
"France","3","Uruguay","8","1","738"
"Korea Republic","4","Wales","7","1","739"
"England","8","Uruguay","8","1","740"
"Mexico","2","Belgium","8","1","741"
"France","3","Italy","7","1","742"
"United States","6","Germany","1","1","743"
"Algeria","1","Spain","2","1","744"
"Mexico","2","Switzerland","2","1","745"
"Netherlands","6","Morocco","7","1","746"
"Colombia","3","England","7","1","747"
"Wales","1","Brazil","5","1","748"
"Belgium","1","Italy","8","1","749"
"Brazil","3","Japan","1","1","750"
"Belgium","6","Mexico","7","1","751"
"Jamaica","8","Italy","8","1","752"
"Belgium","1","France","8","1","753"
"Poland","8","Argentina","1","1","754"
"Wales","6","France","1","1","755"
"Netherlands","3","Croatia","6","1","756"
"Spain","4","Netherlands","5","1","757"
"Croatia","4","Portugal","6","1","758"
"Italy","7","Spain","1","1","759"
"Argentina","7","Belgium","5","1","760"
"Brazil","2","France","6","1","761"
"Colombia","2","England","1","1","762"
"Argentina","1","Germany","7","1","763"
"Belgium","4","Italy","7","1","764"
"Netherlands","4","France","1","1","765"
"Belgium","5","Brazil","8","1","766"
"Iran","6","France","2","1","767"
"Uruguay","7","Colombia","6","1","768"
"Iran","7","Croatia","5","1","769"
"Nigeria","2","Poland","4","1","770"
"Croatia","4","Spain","5","1","771"
"Belgium","5","Portugal","5","1","772"
"Uruguay","7","Brazil","4","1","773"
"Chile","5","Denmark","8","1","774"
"Netherlands","4","Chile","6","1","775"
"Denmark","2","Wales","3","1","776"
"Germany","6","Netherlands","7","1","777"
"Mexico","1","Colombia","3","1","778"
"Iran","6","Belgium","8","1","779"
"Morocco","1","Italy","4","1","780"
"Mexico","1","Japan","1","1","781"
"Switzerland","5","United States","7","1","782"
"Colombia","7","Uruguay","5","1","783"
"Algeria","3","Brazil","2","1","784"
"Germany","3","Brazil","5","1","785"
"Croatia","5","Argentina","8","1","786"
"France","6","Brazil","2","1","787"
"Germany","3","Japan","4","1","788"
"Mexico","5","Japan","1","1","789"
"Uruguay","8","Iran","6","1","790"
"Croatia","6","England","1","1","791"
"Iran","5","Portugal","2","1","792"
"England","1","Belgium","1","1","793"
"Argentina","6","Belgium","1","1","794"
"France","5","Wales","5","1","795"
"Italy","4","France","8","1","796"
"Spain","7","Brazil","1","1","797"
"Netherlands","2","Argentina","4","1","798"
"Croatia","2","Brazil","8","1","799"
"Germany","6","Denmark","7","1","800"
"Argentina","3","Brazil","7","1","801"
"Croatia","2","Germany","7","1","802"
"Portugal","6","Belgium","5","1","803"
"Colombia","7","England","6","1","804"
"Netherlands","3","Portugal","5","1","805"
"Brazil","8","France","3","1","806"
"Uruguay","1","Netherlands","5","1","807"
"Belgium","1","Germany","7","1","808"
"Switzerland","2","Italy","3","1","809"
"England","4","Germany","5","1","810"
"Italy","2","Chile","7","1","811"
"Nigeria","5","Iran","3","1","812"
"Croatia","8","France","8","1","813"
"Chile","3","Portugal","6","1","814"
"Switzerland","8","Algeria","1","1","815"
"England","4","Belgium","3","1","816"
"Mexico","8","Croatia","8","1","817"
"France","2","Denmark","2","1","818"
"Germany","1","Mexico","4","1","819"
"Switzerland","1","Portugal","2","1","820"
"Australia","7","Spain","6","1","821"
"Brazil","2","Uruguay","8","1","822"
"Wales","4","Argentina","5","1","823"
"Mexico","6","Italy","8","1","824"
"Australia","7","France","6","1","825"
"Poland","2","England","1","1","826"
"Brazil","8","Uruguay","7","1","827"
"Morocco","3","Germany","2","1","828"
"Nigeria","1","Spain","7","1","829"
"Portugal","6","Morocco","3","1","830"
"Spain","5","Brazil","3","1","831"
"Mexico","3","Argentina","7","1","832"
"Belgium","1","Colombia","6","1","833"
"Colombia","6","Netherlands","2","1","834"
"Spain","3","Colombia","8","1","835"
"Japan","1","Denmark","1","1","836"
"Mexico","5","Italy","7","1","837"
"Belgium","1","Uruguay","5","1","838"
"Colombia","4","Denmark","5","1","839"
"Argentina","2","Mexico","2","1","840"
"Germany","4","Croatia","6","1","841"
"Netherlands","2","Italy","4","1","842"
"Spain","7","Italy","1","1","843"
"Argentina","4","Denmark","8","1","844"
"Australia","8","Uruguay","8","1","845"
"Mexico","1","Portugal","5","1","846"
"Spain","2","United States","7","1","847"
"Germany","5","Italy","4","1","848"
"Belgium","6","Switzerland","8","1","849"
"Wales","6","Portugal","2","1","850"
"Portugal","4","France","6","1","851"
"France","8","Brazil","5","1","852"
"Italy","1","Switzerland","1","1","853"
"Belgium","4","Switzerland","7","1","854"
"Colombia","7","Croatia","1","1","855"
"Brazil","1","Croatia","8","1","856"
"Belgium","3","Denmark","4","1","857"
"Germany","4","Brazil","8","1","858"
"Switzerland","3","Uruguay","7","1","859"
"Spain","2","Croatia","1","1","860"
"Italy","6","Portugal","4","1","861"
"Colombia","5","France","5","1","862"
"England","2","Belgium","2","1","863"
"Brazil","6","Switzerland","1","1","864"
"Brazil","6","Argentina","6","1","865"
"Argentina","1","Colombia","5","1","866"
"France","8","Argentina","8","1","867"
"Portugal","2","Italy","8","1","868"
"Denmark","3","England","6","1","869"
"Switzerland","5","Chile","6","1","870"
"Belgium","7","Germany","8","1","871"
"Netherlands","5","France","2","1","872"
"Brazil","6","England","3","1","873"
"Mexico","5","Germany","7","1","874"
"Algeria","7","Netherlands","3","1","875"
"Denmark","6","Brazil","7","1","876"
"Belgium","4","Argentina","6","1","877"
"Chile","1","Spain","2","1","878"
"Argentina","2","Netherlands","4","1","879"
"Netherlands","4","Uruguay","6","1","880"
"United States","7","Japan","4","1","881"
"Germany","1","Portugal","6","1","882"
"Portugal","5","Italy","7","1","883"
"Argentina","5","Colombia","2","1","884"
"Brazil","6","Portugal","1","1","885"
"Belgium","7","Argentina","3","1","886"
"Belgium","6","France","8","1","887"
"Denmark","1","Belgium","7","1","888"
"Australia","3","Portugal","8","1","889"
"Germany","4","England","3","1","890"
"Argentina","4","France","7","1","891"
"Belgium","1","Denmark","8","1","892"
"England","2","Italy","1","1","893"
"France","7","Spain","1","1","894"
"Denmark","2","Netherlands","6","1","895"
"Portugal","2","Belgium","8","1","896"
"Netherlands","1","Mexico","6","1","897"
"Switzerland","8","England","6","1","898"
"Wales","5","Belgium","1","1","899"
"Portugal","6","France","3","1","900"
"Belgium","6","Spain","2","1","901"
"Croatia","3","Nigeria","7","1","902"
"Portugal","1","England","8","1","903"
"Wales","2","Iran","7","1","904"
"Spain","4","Netherlands","4","1","905"
"Denmark","5","Spain","6","1","906"
"Iran","7","Brazil","2","1","907"
"Brazil","7","France","3","1","908"
"Mexico","8","Colombia","8","1","909"
"Wales","4","Argentina","5","1","910"
"England","1","Denmark","2","1","911"
"Morocco","7","Senegal","3","1","912"
"Argentina","5","Uruguay","7","1","913"
"Denmark","1","Switzerland","5","1","914"
"Brazil","6","Belgium","6","1","915"
"Colombia","5","Senegal","1","1","916"
"Colombia","7","Italy","4","1","917"
"Brazil","6","Belgium","3","1","918"
"Italy","6","Portugal","1","1","919"
"France","1","Italy","6","1","920"
"Chile","5","Australia","6","1","921"
"Poland","4","Croatia","2","1","922"
"Switzerland","3","Brazil","6","1","923"
"Denmark","5","Spain","7","1","924"
"Croatia","6","Chile","6","1","925"
"Poland","4","Italy","8","1","926"
"Uruguay","8","France","7","1","927"
"Iran","2","Spain","5","1","928"
"Spain","8","Uruguay","7","1","929"
"Spain","8","Chile","6","1","930"
"Italy","6","Croatia","1","1","931"
"Spain","8","Switzerland","7","1","932"
"Portugal","7","Italy","2","1","933"
"France","3","Japan","7","1","934"
"France","5","Korea Republic","1","1","935"
"Spain","2","Brazil","2","1","936"
"Uruguay","1","Netherlands","8","1","937"
"Spain","3","Netherlands","8","1","938"
"Spain","3","Belgium","4","1","939"
"France","7","Chile","6","1","940"
"Italy","8","Argentina","3","1","941"
"Switzerland","1","Belgium","3","1","942"
"Mexico","8","England","6","1","943"
"France","1","Australia","8","1","944"
"Denmark","5","Netherlands","8","1","945"
"Spain","3","Italy","5","1","946"
"Germany","6","Spain","3","1","947"
"Spain","1","Mexico","2","1","948"
"Italy","8","Portugal","4","1","949"
"Chile","4","Belgium","1","1","950"
"France","6","England","5","1","951"
"Portugal","1","France","5","1","952"
"France","1","Germany","5","1","953"
"Wales","8","Switzerland","2","1","954"
"Switzerland","8","Germany","4","1","955"
"Japan","6","Spain","2","1","956"
"Brazil","8","Mexico","5","1","957"
"Chile","1","Belgium","8","1","958"
"Argentina","4","Denmark","1","1","959"
"Poland","1","Brazil","5","1","960"
"Brazil","2","Spain","4","1","961"
"England","5","Portugal","3","1","962"
"Brazil","4","Uruguay","6","1","963"
"Netherlands","2","Italy","3","1","964"
"Netherlands","2","France","1","1","965"
"Chile","1","Croatia","3","1","966"
"Germany","7","Brazil","6","1","967"
"Belgium","2","Germany","6","1","968"
"Netherlands","7","Mexico","3","1","969"
"Mexico","1","England","7","1","970"
"Iran","1","Brazil","5","1","971"
"Brazil","2","Germany","1","1","972"
"Portugal","5","Spain","7","1","973"
"Qatar","3","Germany","4","1","974"
"Australia","2","Wales","4","1","975"
"France","4","Portugal","1","1","976"
"England","1","Italy","1","1","977"
"Portugal","5","Germany","7","1","978"
"Colombia","7","Brazil","4","1","979"
"Netherlands","4","Portugal","4","1","980"
"Iran","6","Mexico","3","1","981"
"Argentina","4","Brazil","6","1","982"
"Croatia","3","Switzerland","2","1","983"
"Korea Republic","3","Brazil","1","1","984"
"Brazil","4","Algeria","7","1","985"
"Colombia","5","France","2","1","986"
"England","4","Belgium","1","1","987"
"Senegal","3","Germany","5","1","988"
"Australia","1","Croatia","2","1","989"
"Italy","4","Chile","4","1","990"
"Spain","6","Italy","1","1","991"
"Spain","4","Argentina","7","1","992"
"Netherlands","2","Denmark","7","1","993"
"Germany","6","Portugal","8","1","994"
"Netherlands","8","Nigeria","2","1","995"
"Argentina","1","Mexico","5","1","996"
"England","3","France","3","1","997"
"Argentina","4","Croatia","5","1","998"
"Portugal","4","England","2","1","999"
"Iran","1","France","1","1","1000"
